[11:42:55] [main/INFO]: Loading Minecraft 26.3 with Fabric Loader 0.19.5
[11:42:55] [ForkJoinPool-1-worker-18/WARN]: The mod "openpartiesandclaims" contains invalid entries in its mod json:
- Unsupported root entry "mixins_temp_disabled" at line 33 column 27
[11:42:56] [main/INFO]: Loading 145 mods:
	- badoptimizations 2.4.1
	- better_climbing 6
	- betterblockentities 1.3.9+mc26.3
	- bettercombat 3.2.2
	   \-- tiny_config 4.0.1
	- c2me 0.4.2-alpha.0.88+26.3
	   |-- c2me-base 0.4.2-alpha.0.88+26.3
	   |-- c2me-client-uncapvd 0.4.2-alpha.0.88+26.3
	   |-- c2me-fixes-chunkio-threading-issues 0.4.2-alpha.0.88+26.3
	   |-- c2me-fixes-general-threading-issues 0.4.2-alpha.0.88+26.3
	   |-- c2me-fixes-worldgen-threading-issues 0.4.2-alpha.0.88+26.3
	   |-- c2me-fixes-worldgen-vanilla-bugs 0.4.2-alpha.0.88+26.3
	   |-- c2me-notickvd 0.4.2-alpha.0.88+26.3
	   |-- c2me-opts-allocs 0.4.2-alpha.0.88+26.3
	   |-- c2me-opts-chunkio 0.4.2-alpha.0.88+26.3
	   |-- c2me-opts-math 0.4.2-alpha.0.88+26.3
	   |-- c2me-opts-natives-math 0.4.2-alpha.0.88+26.3
	   |-- c2me-opts-scheduling 0.4.2-alpha.0.88+26.3
	   |-- c2me-opts-worldgen-general 0.4.2-alpha.0.88+26.3
	   |-- c2me-opts-worldgen-vanilla 0.4.2-alpha.0.88+26.3
	   |-- c2me-rewrites-chunk-serializer 0.4.2-alpha.0.88+26.3
	   |-- c2me-rewrites-chunk-system 0.4.2-alpha.0.88+26.3
	   |-- c2me-rewrites-chunkio 0.4.2-alpha.0.88+26.3
	   |-- c2me-server-utils 0.4.2-alpha.0.88+26.3
	   |-- c2me-threading-lighting 0.4.2-alpha.0.88+26.3
	   |-- com_github_ben-manes_caffeine_caffeine 3.2.1
	   |-- com_ibm_async_asyncutil 0.1.0
	   |-- io_reactivex_rxjava3_rxjava 3.1.12
	   |-- mixinsquared 0.3.7-beta.1
	   |-- net_objecthunter_exp4j 0.4.8
	   |-- org_jctools_jctools-core 4.0.5
	   \-- org_reactivestreams_reactive-streams 1.0.4
	- chat_heads 1.3.0
	- civil-war 1.2.1+26.3
	- cloth-config 26.3.159
	   \-- cloth-basic-math 0.6.1
	- clumps 26.3.2
	- distanthorizons 3.3.4
	   |-- fabric-api-base 2.0.6+fcdff87f02
	   |-- fabric-api-lookup-api-v1 2.0.24+3434d6d902
	   |-- fabric-biome-api-v1 20.0.9+74ed1ea502
	   |-- fabric-block-api-v1 3.1.0+0ae6f91102
	   |-- fabric-block-getter-api-v2 2.0.9+3434d6d902
	   |-- fabric-client-gametest-api-v1 6.0.7+4be74c3f02
	   |-- fabric-command-api-v2 3.1.2+fcdff87f02
	   |-- fabric-crash-report-info-v1 1.0.7+fcdff87f02
	   |-- fabric-creative-tab-api-v1 5.0.21+fcdff87f02
	   |-- fabric-data-attachment-api-v1 2.2.30+3434d6d902
	   |-- fabric-debug-api-v1 1.0.4+3434d6d902
	   |-- fabric-dimensions-v1 5.1.19+47f74c9802
	   |-- fabric-entity-events-v1 6.0.4+3434d6d902
	   |-- fabric-events-interaction-v0 5.3.6+3434d6d902
	   |-- fabric-game-rule-api-v1 4.0.10+3434d6d902
	   |-- fabric-key-mapping-api-v1 2.0.8+3434d6d902
	   |-- fabric-lifecycle-events-v1 4.1.9+ffef5f6702
	   |-- fabric-message-api-v1 7.0.10+3434d6d902
	   |-- fabric-networking-api-v1 6.3.8+fcdff87f02
	   |-- fabric-object-builder-api-v1 24.1.9+3434d6d902
	   |-- fabric-particles-v1 5.0.24+3434d6d902
	   |-- fabric-permission-api-v1 1.0.8+fcdff87f02
	   |-- fabric-recipe-api-v1 10.0.8+fcdff87f02
	   |-- fabric-registry-sync-v0 8.0.1+fcdff87f02
	   |-- fabric-rendering-fluids-v1 6.0.6+3434d6d902
	   |-- fabric-rendering-v1 27.0.14+901a437c02
	   |-- fabric-resource-conditions-api-v1 6.1.5+3434d6d902
	   |-- fabric-resource-loader-v0 3.3.26+4fc5413f02
	   |-- fabric-resource-loader-v1 3.0.4+fcdff87f02
	   |-- fabric-serialization-api-v1 2.0.7+74ed1ea502
	   |-- fabric-sound-api-v1 2.0.7+3434d6d902
	   |-- fabric-tag-api-v1 2.1.10+fcdff87f02
	   |-- fabric-transfer-api-v1 8.0.25+fcdff87f02
	   \-- fabric-transitive-access-wideners-v1 8.1.16+52268a0e02
	- enchancement 26.3-r2
	   |-- cardinal-components-block 8.0.1
	   |-- cardinal-components-level 8.0.1
	   \-- midnightlib 1.9.3
	- entityculling 1.11.2
	   |-- transition 1.0.25
	   \-- trender 1.0.17
	- fabric-api 0.161.0+26.3
	   |-- fabric-advancement-api-v1 1.0.0+38c7a2d55d
	   |-- fabric-content-registries-v0 15.0.4+74ed1ea55d
	   |-- fabric-convention-tags-v2 4.10.3+6b5b47fd5d
	   |-- fabric-data-generation-api-v1 27.2.4+427eab975d
	   |-- fabric-item-api-v1 14.7.0+cf6bc2db5d
	   |-- fabric-loot-api-v3 4.0.8+4068fd645d
	   |-- fabric-menu-api-v1 2.0.27+ed66f0a35d
	   |-- fabric-model-loading-api-v1 8.0.35+fcdff87f5d
	   |-- fabric-renderer-api-v1 17.0.15+79385d0b5d
	   |-- fabric-renderer-indigo 9.1.23+b9d63e335d
	   \-- fabric-screen-api-v1 5.2.4+48607d035d
	- fabricloader 0.19.5
	   \-- mixinextras 0.5.5
	- ferritecore 9.0.0
	- forgeconfigapiport 26.3.1
	   |-- com_electronwill_night-config_core 3.8.4
	   \-- com_electronwill_night-config_toml 3.8.4
	- geckolib 5.5.7
	- immediatelyfast 1.17.1+26.3
	- iris 1.11.6+mc26.3
	   |-- fabric-api-base 2.0.6+fcdff87f02
	   |-- fabric-key-mapping-api-v1 2.0.8+3434d6d902
	   |-- io_github_douira_glsl-transformer 3.0.0-pre3
	   |-- org_anarres_jcpp 1.4.14
	   \-- org_antlr_antlr4-runtime 4.13.1
	- java 25
	- jei 31.7.0.47
	- journeymap 26.3-6.0.9
	   |-- ar_com_hjg_pngj 2.1.0
	   |-- commonnetworking 26.3-1.1.1
	   \-- journeymap-api-fabric 26.3-2.0.0
	- lithium 0.26.2+mc26.3
	- lithostitched 2.0.4
	   \-- apollib 1.2.4
	        \-- de_marhali_json5-java 3.0.0
	- mezz_config 0.6.5
	- mezz_config_gui 0.5.9
	- minecraft 26.3
	- modernfix 5.27.20-build.2
	- modmenu 21.0.0
	   \-- fabric-screen-api-v1 5.2.4+48607d035d
	- moreculling 1.9.0-beta.1
	   \-- conditional-mixin 0.6.3
	- mousetweaks 2.31
	- naturalist 2.0.6
	- nowheel 1.4.1+mc26.3
	- openpartiesandclaims 0.31.6
	- placeholder-api 3.2.0+26.3
	- player_animation_library 1.2.7+mc.26.3
	   |-- org_redlance_common-utils_services 1.3.8
	   |-- org_redlance_mochafloats_lexer 6.0.1
	   |-- org_redlance_mochafloats_parser 6.0.1
	   \-- org_redlance_mochafloats_runtime 6.0.1
	- rpg-hud 3.14
	- scalablelux 0.3.0-alpha.0.6+26.3
	- searchables 1.0.2
	- seedrenderer 0.7.1
	- sodium 0.9.3-alpha.1+mc26.3
	   |-- fabric-api-base 2.0.6+fcdff87f02
	   |-- fabric-block-getter-api-v2 2.0.9+3434d6d902
	   |-- fabric-lifecycle-events-v1 4.1.9+ffef5f6702
	   |-- fabric-rendering-fluids-v1 6.0.6+3434d6d902
	   |-- fabric-rendering-v1 27.0.14+901a437c02
	   |-- fabric-resource-loader-v0 3.3.26+4fc5413f02
	   |-- fabric-resource-loader-v1 3.0.4+fcdff87f02
	   \-- fabric-transitive-access-wideners-v1 8.1.16+52268a0e02
	- strawberrylib 26.3-r1
	   |-- cardinal-components-base 8.0.1
	   |-- cardinal-components-entity 8.0.1
	   \-- datasync_minecraft 0.11.0
	- tacz 1.1.8+mc26.3
	- tectonic 3.0.31
	   \-- apollib 1.2.4
	        \-- de_marhali_json5-java 3.0.0
	- true-hold-sprint 0.1.4
	- ukulib 2.2.0+26.3
	   |-- com_moandjiezana_toml_toml4j 0.7.2
	   |-- fabric-command-api-v2 3.1.2+fcdff87f02
	   |-- fabric-key-mapping-api-v1 2.0.8+3434d6d902
	   \-- fabric-resource-loader-v1 3.0.4+fcdff87f02
	- visualkeys 0.0.11+26.3
[11:42:56] [main/INFO]: SpongePowered MIXIN Subsystem Version=0.8.7 Source=file:/E:/GAME/MC/HMCL/.minecraft/libraries/net/fabricmc/sponge-mixin/0.17.4+mixin.0.8.7/sponge-mixin-0.17.4+mixin.0.8.7.jar Service=Knot/Fabric Env=CLIENT
[11:42:56] [main/INFO]: Config version: 6
[11:42:56] [main/INFO]: BadOptimizations config dump:
[11:42:56] [main/INFO]: enable_toast_optimizations: true
[11:42:56] [main/INFO]: ignore_mod_incompatibilities: false
[11:42:56] [main/INFO]: lightmap_time_change_needed_for_update: 80
[11:42:56] [main/INFO]: enable_lightmap_caching: true
[11:42:56] [main/INFO]: enable_particle_manager_optimization: true
[11:42:56] [main/INFO]: enable_entity_renderer_caching: true
[11:42:56] [main/INFO]: log_config: true
[11:42:56] [main/INFO]: enable_remove_redundant_fov_calculations: true
[11:42:56] [main/INFO]: config_version: 6
[11:42:56] [main/INFO]: enable_sky_angle_caching_in_worldrenderer: true
[11:42:56] [main/INFO]: enable_block_entity_renderer_caching: true
[11:42:56] [main/INFO]: skycolor_time_change_needed_for_update: 3
[11:42:56] [main/INFO]: enable_entity_flag_caching: true
[11:42:56] [main/INFO]: ignore_mod_cache_hooks: false
[11:42:56] [main/INFO]: enable_debug_renderer_disable_if_not_needed: true
[11:42:56] [main/INFO]: enable_sky_color_caching: true
[11:42:56] [main/INFO]: enable_remove_tutorial_if_not_demo: true
[11:42:56] [main/INFO]: show_f3_text: true
[11:42:56] [main/INFO]: Initializing com.ishland.c2me.base.mixin
[11:42:56] [main/INFO]: Config defaultGlobalExecutorParallelismExpression changed from 
    max(
        1,
        min(
            if( is_smt_probably_enabled,
                cores,
                cores - 1
            )  - if(is_client, 1, 0),
            ( ( mem_gb - (if(is_client, 1.0, 0.5)) ) * 3.0 )
        )
    )
  to 10
[11:42:56] [main/INFO]: CPU name: Intel(R) Core(TM) Ultra 9 275HX
[11:42:56] [main/INFO]: Detected 24 available physical CPUs, 24 available logical CPUs
[11:42:56] [main/INFO]: Detected 24 available physical CPUs, 24 available logical CPUs
[11:42:56] [main/INFO]: Global Executor Parallelism: 10 configured, 10 evaluated, 22 default evaluated
[11:42:56] [main/INFO]: Initializing com.ishland.c2me.client.uncapvd.mixin
[11:42:56] [main/INFO]: Initializing com.ishland.c2me.fixes.chunkio.threading_issues.mixin
[11:42:56] [main/INFO]: Initializing com.ishland.c2me.fixes.general.threading_issues.mixin
[11:42:56] [main/INFO]: Initializing com.ishland.c2me.fixes.worldgen.threading_issues.mixin
[11:42:56] [main/INFO]: Initializing com.ishland.c2me.fixes.worldgen.vanilla_bugs.mixin
[11:42:56] [main/INFO]: Initializing com.ishland.c2me.notickvd.mixin
[11:42:56] [main/INFO]: Initializing com.ishland.c2me.opts.allocs.mixin
[11:42:56] [main/INFO]: Initializing com.ishland.c2me.opts.chunkio.mixin
[11:42:56] [main/INFO]: Initializing com.ishland.c2me.opts.math.mixin
[11:42:56] [main/INFO]: Initializing com.ishland.c2me.opts.natives_math.mixin
[11:42:56] [main/INFO]: Attempting to call native library. If your game crashes right after this point, native acceleration may not be available for your system.
[11:42:56] [main/INFO]: Detected maximum supported ISA target: AVX2VNNI
[11:42:56] [main/INFO]: Initializing com.ishland.c2me.opts.scheduling.mixin
[11:42:56] [main/INFO]: Initializing com.ishland.c2me.opts.worldgen.general.mixin
[11:42:56] [main/INFO]: Initializing com.ishland.c2me.opts.worldgen.vanilla.mixin
[11:42:56] [main/INFO]: Initializing com.ishland.c2me.rewrites.chunk_serializer.mixin
[11:42:56] [main/INFO]: Disabling com.ishland.c2me.rewrites.chunk_serializer.mixin
[11:42:56] [main/INFO]: Initializing com.ishland.c2me.rewrites.chunksystem.mixin
[11:42:56] [main/INFO]: Initializing com.ishland.c2me.rewrites.chunkio.mixin
[11:42:56] [main/INFO]: Initializing com.ishland.c2me.server.utils.mixin
[11:42:56] [main/INFO]: Initializing com.ishland.c2me.threading.lighting.mixin
[11:42:56] [main/WARN]: Reference map 'clumps.refmap.json' for clumps.mixins.json could not be read. If this is a development environment you can ignore this message
[11:42:56] [main/WARN]: Reference map 'entityculling.refmap.mixins.json' for entityculling.mixins.json could not be read. If this is a development environment you can ignore this message
[11:42:56] [main/WARN]: Reference map 'iris.refmap.json' for mixins.iris.json could not be read. If this is a development environment you can ignore this message
[11:42:56] [main/WARN]: Reference map 'iris-fabric.refmap.json' for mixins.iris.fabric.json could not be read. If this is a development environment you can ignore this message
[11:42:56] [main/WARN]: Reference map 'iris.refmap.json' for mixins.iris.vertexformat.json could not be read. If this is a development environment you can ignore this message
[11:42:56] [main/WARN]: Reference map 'iris.refmap.json' for mixins.iris.bettermipmaps.json could not be read. If this is a development environment you can ignore this message
[11:42:56] [main/WARN]: Reference map 'iris.refmap.json' for mixins.iris.compat.sodium.json could not be read. If this is a development environment you can ignore this message
[11:42:56] [main/WARN]: Reference map 'iris.refmap.json' for mixins.iris.fixes.maxfpscrash.json could not be read. If this is a development environment you can ignore this message
[11:42:56] [main/INFO]: Loaded configuration file for Lithium: 170 options available, 0 override(s) found.
[11:42:56] [main/INFO]: Loaded configuration file for ModernFix 5.27.20-build.2: 67 options available, 4 override(s) found
[11:42:56] [main/WARN]: Option 'mixin.perf.release_protochunks' overriden (by mods [c2me]) to 'false'
[11:42:56] [main/WARN]: Option 'mixin.bugfix.paper_chunk_patches' overriden (by mods [c2me]) to 'false'
[11:42:56] [main/WARN]: Option 'mixin.perf.cache_strongholds' overriden (by mods [c2me]) to 'false'
[11:42:56] [main/WARN]: Option 'mixin.bugfix.chunk_deadlock' overriden (by mods [c2me]) to 'false'
[11:42:56] [main/INFO]: Applying Nashorn fix
[11:42:56] [main/INFO]: Configuring Minecraft's max.bg.threads option with 21 threads
[11:42:56] [main/WARN]: Reference map 'modernfix.refmap.json' for modernfix-fabric.mixins.json could not be read. If this is a development environment you can ignore this message
[11:42:56] [main/WARN]: Reference map 'modernfix.refmap.json' for modernfix-common.mixins.json could not be read. If this is a development environment you can ignore this message
[11:42:56] [main/WARN]: Reference map 'openpartiesandclaims.refmap.json' for openpartiesandclaims.mixins.json could not be read. If this is a development environment you can ignore this message
[11:42:56] [main/WARN]: Reference map 'searchables.refmap.json' for searchables.mixins.json could not be read. If this is a development environment you can ignore this message
[11:42:56] [main/WARN]: Reference map 'searchables.refmap.json' for searchables.fabric.mixins.json could not be read. If this is a development environment you can ignore this message
[11:42:56] [main/INFO]: SeedGen: checking its Distant Horizons changes against DH 3.3.4
[11:42:56] [main/INFO]: Loaded configuration file for Sodium: 37 options available, 1 override(s) found
[11:42:56] [main/INFO]: [TACZ Scope] Iris compat mixin config loaded: package=com.tacz.guns.mixin.client.iris, irisLoaded=true
[11:42:56] [main/WARN]: Error loading class: net/vulkanmod/config/option/Options (java.lang.ClassNotFoundException: net/vulkanmod/config/option/Options)
[11:42:57] [main/WARN]: Error loading class: net/minecraft/world/entity/animal/Bucketable (java.lang.ClassNotFoundException: net/minecraft/world/entity/animal/Bucketable)
[11:42:57] [main/WARN]: @Mixin target net.minecraft.world.entity.animal.Bucketable was not found mixins.cardinal_components_entity.json:common.BucketableMixin from mod cardinal-components-entity
[11:42:57] [main/INFO]: Apply DH mixin [com.seibel.distanthorizons.fabric.mixins.server.MixinChunkGenerator] -> [net.minecraft.world.level.chunk.ChunkGenerator]...
[11:42:57] [main/INFO]: Apply DH mixin [com.seibel.distanthorizons.fabric.mixins.server.MixinChunkMap] -> [net.minecraft.server.level.ChunkMap]...
[11:42:57] [main/INFO]: Apply DH mixin [com.seibel.distanthorizons.fabric.mixins.server.MixinEntity] -> [net.minecraft.world.entity.Entity]...
[11:42:57] [main/INFO]: Apply DH mixin [com.seibel.distanthorizons.fabric.mixins.server.MixinServerPlayer] -> [net.minecraft.server.level.ServerPlayer]...
[11:42:57] [main/INFO]: Apply DH mixin [com.seibel.distanthorizons.fabric.mixins.server.MixinTracingExecutor] -> [net.minecraft.TracingExecutor]...
[11:42:57] [main/INFO]: Apply DH mixin [com.seibel.distanthorizons.fabric.mixins.server.MixinUtilBackgroundThread] -> [net.minecraft.util.Util]...
[11:42:57] [main/INFO]: Apply DH mixin [com.seibel.distanthorizons.fabric.mixins.server.MixinLevelTicks] -> [net.minecraft.world.ticks.LevelTicks]...
[11:42:57] [main/INFO]: Apply DH mixin [com.seibel.distanthorizons.fabric.mixins.client.MixinClientLevel] -> [net.minecraft.client.multiplayer.ClientLevel]...
[11:42:57] [main/INFO]: Apply DH mixin [com.seibel.distanthorizons.fabric.mixins.client.MixinClientPacketListener] -> [net.minecraft.client.multiplayer.ClientPacketListener]...
[11:42:57] [main/INFO]: Apply DH mixin [com.seibel.distanthorizons.fabric.mixins.client.MixinDebugScreenOverlay] -> [net.minecraft.client.gui.components.DebugScreenOverlay]...
[11:42:57] [main/INFO]: Apply DH mixin [com.seibel.distanthorizons.fabric.mixins.client.MixinFogRenderer] -> [net.minecraft.client.renderer.fog.FogRenderer]...
[11:42:57] [main/INFO]: Apply DH mixin [com.seibel.distanthorizons.fabric.mixins.client.MixinGameRenderer] -> [net.minecraft.client.renderer.GameRenderer]...
[11:42:57] [main/INFO]: Skip DH mixin [com.seibel.distanthorizons.fabric.mixins.client.MixinImmersivePortalsRenderStates] -> [qouteall.imm_ptl.core.render.context_management.RenderStates] due to DH logic.
[11:42:57] [main/INFO]: Apply DH mixin [com.seibel.distanthorizons.fabric.mixins.client.MixinIrisFrameBuffer] -> [net.irisshaders.iris.gl.framebuffer.GlFramebuffer]...
[11:42:57] [main/INFO]: Apply DH mixin [com.seibel.distanthorizons.fabric.mixins.client.MixinLevelRenderer] -> [net.minecraft.client.renderer.LevelRenderer]...
[11:42:57] [main/INFO]: Apply DH mixin [com.seibel.distanthorizons.fabric.mixins.client.MixinChunkSectionsToRender] -> [net.caffeinemc.mods.sodium.client.util.SodiumChunkSection]...
[11:42:57] [main/INFO]: Apply DH mixin [com.seibel.distanthorizons.fabric.mixins.client.MixinLightTexture] -> [net.minecraft.client.renderer.Lightmap]...
[11:42:57] [main/INFO]: Apply DH mixin [com.seibel.distanthorizons.fabric.mixins.client.MixinMinecraft] -> [net.minecraft.client.Minecraft]...
[11:42:57] [main/INFO]: Apply DH mixin [com.seibel.distanthorizons.fabric.mixins.client.MixinOptionsScreen] -> [net.minecraft.client.gui.screens.options.OptionsScreen]...
[11:42:57] [main/INFO]: Apply DH mixin [com.seibel.distanthorizons.fabric.mixins.client.MixinSharedConstants] -> [net.minecraft.SharedConstants]...
[11:42:57] [main/INFO]: Apply DH mixin [com.seibel.distanthorizons.fabric.mixins.client.MixinProjectionMatrixBuffer] -> [net.minecraft.client.renderer.ProjectionMatrixBuffer]...
[11:42:57] [main/INFO]: Apply DH mixin [com.seibel.distanthorizons.fabric.mixins.client.MixinMain] -> [net.minecraft.client.main.Main]...
[11:42:57] [main/WARN]: Error loading class: com/evandev/fieldguide/client/gui/util/EntryRenderHelper (java.lang.ClassNotFoundException: com/evandev/fieldguide/client/gui/util/EntryRenderHelper)
[11:42:57] [main/WARN]: @Mixin target com.evandev.fieldguide.client.gui.util.EntryRenderHelper was not found naturalist.fieldguide.mixins.json:EntryRenderHelperMixin from mod naturalist
[11:42:57] [main/WARN]: Error loading class: com/evandev/fieldguide/client/gui/screens/FieldGuideEntryScreen (java.lang.ClassNotFoundException: com/evandev/fieldguide/client/gui/screens/FieldGuideEntryScreen)
[11:42:57] [main/WARN]: @Mixin target com.evandev.fieldguide.client.gui.screens.FieldGuideEntryScreen was not found naturalist.fieldguide.mixins.json:FieldGuideEntryScreenMixin from mod naturalist
[11:42:57] [main/WARN]: Error loading class: com/evandev/fieldguide/client/gui/util/IconCacheManager (java.lang.ClassNotFoundException: com/evandev/fieldguide/client/gui/util/IconCacheManager)
[11:42:57] [main/WARN]: @Mixin target com.evandev.fieldguide.client.gui.util.IconCacheManager was not found naturalist.fieldguide.mixins.json:IconCacheManagerMixin from mod naturalist
[11:42:57] [main/WARN]: SeedGen: leaving out RetrievalQueueDepthMixin for this Distant Horizons build: GeneratedFullDataSourceProvider.canQueueRetrievalNow does not use the constant 20 in this build
[11:42:57] [main/WARN]: SeedGen: leaving out SchedulerPriorityMixin for this Distant Horizons build: PriorityTaskPicker.lambda$getExecutorIteratorSortedByShortestTotalRunTime$0 takes different arguments in this build
[11:42:57] [main/INFO]: SeedGen: leaving out SqliteTuningMixin: this Distant Horizons build does it itself
[11:42:57] [main/WARN]: Force-disabling mixin 'features.render.world.sky.LevelRendererMixin' as rule 'mixin.features.render.world.sky' (added by mods [iris]) disables it and children
[11:42:57] [main/INFO]: [TACZ Scope] Iris compat mixin decision: apply=true, firstMixin=com.tacz.guns.mixin.client.iris.IrisShaderCreatorMixin, firstTarget=net.irisshaders.iris.pipeline.programs.ShaderCreator
[11:42:57] [main/WARN]: Error loading class: fi/dy/masa/malilib/event/InputEventHandler (java.lang.ClassNotFoundException: fi/dy/masa/malilib/event/InputEventHandler)
[11:42:57] [main/INFO]: Searching for graphics cards...
[11:42:57] [main/INFO]: Found graphics adapter: AdapterInfo{vendor=INTEL, description='Intel(R) Graphics', adapterType=0x00002323, openglIcdFilePath='C:\Windows\System32\DriverStore\FileRepository\iigd_dch.inf_amd64_6d2cc1fa193045a2\igxelpgicd64.dll', openglIcdVersion=32.0.101.8331}
[11:42:57] [main/INFO]: Found graphics adapter: AdapterInfo{vendor=NVIDIA, description='NVIDIA GeForce RTX 5060 Laptop GPU', adapterType=0x0000231B, openglIcdFilePath='C:\WINDOWS\System32\DriverStore\FileRepository\nvlti.inf_amd64_fb30b03d287a3534\nvoglv64.dll', openglIcdVersion=32.0.16.1714}
[11:42:57] [main/WARN]: Sodium has applied one or more workarounds to prevent crashes or other issues on your system: [NVIDIA_THREADED_OPTIMIZATIONS_BROKEN]
[11:42:57] [main/WARN]: This is not necessarily an issue, but it may result in certain features or optimizations being disabled. You can sometimes fix these issues by upgrading your graphics driver.
[11:42:57] [main/INFO]: Initializing MixinExtras via com.llamalad7.mixinextras.service.MixinExtrasServiceImpl(version=0.5.5).
[11:42:58] [main/INFO]: DH is setting Minecraft's SharedConstants.IS_RUNNING_IN_IDE to [false]
[11:42:58] [Datafixer Bootstrap #0/INFO]: 307 Datafixer optimizations took 173 milliseconds
[11:42:59] [main/INFO]: ModernFix reached bootstrap stage (5.280 s after launch)
[11:42:59] [main/WARN]: Method overwrite conflict for getTemperature in modernfix-common.mixins.json:perf.remove_biome_temperature_cache.BiomeMixin from mod modernfix, previously written by net.caffeinemc.mods.lithium.mixin.world.temperature_cache.BiomeMixin. Skipping method.
[11:43:01] [main/INFO]: Vanilla bootstrap took 2458 milliseconds
[11:43:01] [Render thread/INFO]: Environment: Environment[discoveryUrl=https://discovery.minecraftservices.com/minecraft/client, name=PROD]
[11:43:01] [Render thread/INFO]: Setting user: FiVE5th
[11:43:02] [Render thread/INFO]: Civil War Mod initialized - Undead and Illager factions are now natural enemies!
[11:43:02] [Render thread/INFO]: Initializing ServerSide Packet Registries
[11:43:03] [Render thread/INFO]: Seed Renderer bound to Distant Horizons; awaiting level load
[11:43:03] [Render thread/INFO]: Seed Renderer loaded on Fabric
[11:43:03] [Render thread/INFO]: Registered synced data key tacz:shoot_cool_down for minecraft:living_entity
[11:43:03] [Render thread/INFO]: Registered synced data key tacz:melee_cool_down for minecraft:living_entity
[11:43:03] [Render thread/INFO]: Registered synced data key tacz:reload_state for minecraft:living_entity
[11:43:03] [Render thread/INFO]: Registered synced data key tacz:aiming_progress for minecraft:living_entity
[11:43:03] [Render thread/INFO]: Registered synced data key tacz:draw_cool_down for minecraft:living_entity
[11:43:03] [Render thread/INFO]: Registered synced data key tacz:is_aiming for minecraft:living_entity
[11:43:03] [Render thread/INFO]: Registered synced data key tacz:sprint_time for minecraft:living_entity
[11:43:03] [Render thread/INFO]: Registered synced data key tacz:is_bolting for minecraft:living_entity
[11:43:03] [Render thread/INFO]: Registered synced data key tacz:throwable_using for minecraft:living_entity
[11:43:03] [Render thread/INFO]: LRTactical (unofficial 26.3 port) initialized
[11:43:03] [Render thread/INFO]: Building config cache from user defined config file...
[11:43:03] [Render thread/INFO]: Collecting API Entrypoint's...
[11:43:03] [Render thread/INFO]: Registering alt renderers via each collected entrypoint...
[11:43:03] [Render thread/INFO]: Initializing Distant Horizons client, firing DhApiBeforeDhInitEvent...
[11:43:03] [Render thread/INFO]: Running library validation...
[11:43:03] [Render thread/INFO]: Java.awt.headless set to true. Distant Horizons can correctly display error and info dialog windows.
[11:43:03] [Render thread/INFO]: Distant Horizons, Version: 3.3.4
[11:43:03] [Render thread/INFO]: Registering Fabric Client Events
[11:43:03] [Render thread/INFO]: Registering Fabric Server Events
[11:43:03] [Render thread/INFO]: Registered mod compatibility accessor for: [Sodium-Fabric].
[11:43:03] [Render thread/INFO]: Registered mod compatibility accessor for: [Starlight-Fabric-1.18.X].
[11:43:03] [Render thread/INFO]: Skipping mod compatibility accessor for: [optifine]
[11:43:03] [Render thread/INFO]: Skipping mod compatibility accessor for: [bclib]
[11:43:03] [Render thread/INFO]: Registered mod compatibility accessor for: [c2me].
[11:43:03] [Render thread/INFO]: Skipping mod compatibility accessor for: [imm_ptl_core, immersive_portals, immersive_portals_core]
[11:43:03] [Render thread/INFO]: Skipping mod compatibility accessor for: [chunky]
[11:43:03] [Render thread/INFO]: Registered mod compatibility accessor for: [iris].
[11:43:03] [Render thread/INFO]: Initialising config for [DistantHorizons]
[11:43:03] [Render thread/INFO]: [DistantHorizons] Config initialised
[11:43:03] [Render thread/INFO]: Dimension ignoring disabled, DH will render all dimensions.
[11:43:03] [Render thread/INFO]: Applying config to loggers
[11:43:03] [Render thread/WARN]: Changing Distant Horizons' rendering engine to [OPEN_GL] to allow for Iris rendering. This renderer will be unavailable once Minecraft moves to Vulkan and must be fixed on Iris' end.
[11:43:03] [Render thread/INFO]: Found [10] C2ME threads. DH needs to use at least the same number of threads as C2ME to prevent issues with Chunky.
[11:43:03] [Render thread/INFO]: Garbage collectors: [ZGC Minor Cycles, ZGC Minor Pauses, ZGC Major Cycles, ZGC Major Pauses]
[11:43:03] [Render thread/INFO]: Explicit Garbage Collection: [Disabled]
[11:43:03] [Render thread/INFO]: Distant Horizons client Initialized.
[11:43:03] [Render thread/INFO]: [Indigo] Different rendering plugin detected; not applying Indigo.
[11:43:04] [Render thread/INFO]: Sending ConfigManager...
[11:43:04] [Render thread/INFO]: Sending ConfigManager took 738.3 microseconds
[11:43:04] [Render thread/INFO]: Checking mod updates...
[11:43:04] [Render thread/INFO]: [STDOUT]: [Mouse Tweaks] Main.initialize()
[11:43:04] [Render thread/INFO]: [STDOUT]: [Mouse Tweaks] Initialized.
[11:43:04] [Render thread/INFO]: Loading Open Parties and Claims!
[11:43:04] [Render thread/INFO]: [TacZMeshLoader] Registered TACZ gun model type: mesh
[11:43:04] [Render thread/INFO]: [STDOUT]: [TRender] Initializing Client...
[11:43:04] [Render thread/INFO]: [真正的按住疾跑] 已加载配置 E:\GAME\MC\HMCL\.minecraft\config\true-hold-sprint.json
[11:43:04] [Render thread/INFO]: [真正的按住疾跑] enabled=true, requireMovement=true, allowBackwardSprint=true, keepSprintDuringTick=true, fixSprintJumpDirection=true, suppressSneakWhileSprinting=true, stopSprintOnRelease=true, debugLog=false
[11:43:04] [Render thread/INFO]: Queuing DH event binding...
[11:43:05] [Render thread/INFO]: Backend library: LWJGL version 3.4.3-snapshot
[11:43:05] [Render thread/INFO]: SDL [SYSTEM]: App name: Minecraft
[11:43:05] [Render thread/INFO]: SDL [SYSTEM]: App version: 26.3
[11:43:05] [Render thread/INFO]: SDL [SYSTEM]: App ID: com.mojang.minecraft
[11:43:05] [Render thread/INFO]: SDL [SYSTEM]: SDL revision: SDL-3.4.14-62f10da
[11:43:05] [Download-1/INFO]: Update available for 'iris@1.11.6+mc26.3', (-> 1.11.7+26.3-fabric)
[11:43:05] [Render thread/INFO]: Modifying process environment to apply workarounds for the NVIDIA graphics driver...
[11:43:05] [Render thread/INFO]: Modifying process environment to apply workarounds for the NVIDIA graphics driver...
[11:43:05] [Render thread/INFO]: Debug functionality is disabled.
[11:43:05] [Render thread/INFO]: ARB_direct_state_access detected, enabling DSA.
[11:43:05] [Render thread/INFO]: Initializing ImmediatelyFast 1.17.1+26.3 on NVIDIA GeForce RTX 5060 Laptop GPU/PCIe/SSE2 (NVIDIA Corporation) with OpenGL 3.3.0 NVIDIA 617.14
[11:43:05] [Render thread/INFO]: Using graphics backend OpenGL, using drivers: 3.3.0 NVIDIA 617.14
[11:43:05] [Render thread/INFO]: Using graphics device: NVIDIA GeForce RTX 5060 Laptop GPU/PCIe/SSE2 (NVIDIA Corporation)
[11:43:05] [Render thread/INFO]: Using graphics device extensions: GL_ARB_multi_draw_indirect, GL_ARB_shader_draw_parameters, GL_ARB_base_instance, GL_KHR_debug, GL_ARB_draw_indirect, GL_ARB_clip_control, GL_ARB_vertex_attrib_binding, GL_ARB_direct_state_access, GL_EXT_texture_filter_anisotropic
[11:43:05] [Render thread/INFO]: Modifying process environment to apply workarounds for the NVIDIA graphics driver...
[11:43:05] [Render thread/INFO]: Created window using SDL video driver: windows
[11:43:05] [Render thread/INFO]: Start scanning for gun packs in E:\GAME\MC\HMCL\.minecraft\tacz
[11:43:05] [Render thread/INFO]: - tacz_default_gun, Main namespace: tacz
[11:43:05] [Render thread/INFO]: Found 1 possible gunpack(s) and added them to resource set.
[11:43:06] [Render thread/INFO]: Hardware information:
[11:43:06] [Render thread/INFO]: CPU: 24x Intel(R) Core(TM) Ultra 9 275HX
[11:43:06] [Render thread/INFO]: GPU: NVIDIA GeForce RTX 5060 Laptop GPU/PCIe/SSE2 (Supports OpenGL 3.3.0 NVIDIA 617.14)
[11:43:06] [Render thread/INFO]: OS: Windows 11 (10.0)
[11:43:06] [ForkJoinPool.commonPool-worker-1/WARN]: [Iris Update Check] This version doesn't have an update index, skipping.
[11:43:06] [Render thread/INFO]: Reloading ResourceManager: tacz_resources, vanilla, vanilla, apollib, badoptimizations, betterblockentities, bettercombat, c2me, cardinal-components-base, cardinal-components-block, cardinal-components-entity, cardinal-components-level, chat_heads, civil-war, cloth-config, conditional-mixin, distanthorizons, enchancement, entityculling, fabric-advancement-api-v1, fabric-api, fabric-api-base, fabric-api-lookup-api-v1, fabric-biome-api-v1, fabric-block-api-v1, fabric-block-getter-api-v2, fabric-client-gametest-api-v1, fabric-command-api-v2, fabric-content-registries-v0, fabric-convention-tags-v2, fabric-crash-report-info-v1, fabric-creative-tab-api-v1, fabric-data-attachment-api-v1, fabric-data-generation-api-v1, fabric-debug-api-v1, fabric-dimensions-v1, fabric-entity-events-v1, fabric-events-interaction-v0, fabric-game-rule-api-v1, fabric-item-api-v1, fabric-key-mapping-api-v1, fabric-lifecycle-events-v1, fabric-loot-api-v3, fabric-menu-api-v1, fabric-message-api-v1, fabric-model-loading-api-v1, fabric-networking-api-v1, fabric-object-builder-api-v1, fabric-particles-v1, fabric-permission-api-v1, fabric-recipe-api-v1, fabric-registry-sync-v0, fabric-renderer-api-v1, fabric-renderer-indigo, fabric-rendering-fluids-v1, fabric-rendering-v1, fabric-resource-conditions-api-v1, fabric-resource-loader-v0, fabric-resource-loader-v1, fabric-screen-api-v1, fabric-serialization-api-v1, fabric-sound-api-v1, fabric-tag-api-v1, fabric-transfer-api-v1, fabric-transitive-access-wideners-v1, fabricloader, forgeconfigapiport, immediatelyfast, iris, jei, journeymap, lithium, mezz_config, mezz_config_gui, midnightlib, modernfix, modmenu, moreculling, naturalist, nowheel, openpartiesandclaims, placeholder-api, player_animation_library, rpg-hud, scalablelux, searchables, seedrenderer, sodium, strawberrylib, tacz, tectonic, trender, ukulib, visualkeys, file/BBE-简体中文汉化-263.zip, file/Controlling-简体中文汉化-263.zip, file/Distant-Horizons-SeedGen-0.7.1-简体中文汉化-263.zip, file/DistantHorizons-简体中文汉化-263.zip, file/JEI-简体中文汉化-263.zip, file/Naturalist-简体中文汉化-263.zip, file/Sodium-简体中文汉化-263.zip, file/VisualKeys-简体中文汉化-263.zip, jei:dark_mode, file/Enchancement-简体中文汉化-263.zip, file/RPGHud-简体中文汉化-263.zip
[11:43:06] [Worker-ResourceReload-19/INFO]: Found unifont_all_no_pua-17.0.01.hex, loading
[11:43:06] [Worker-ResourceReload-6/INFO]: Found unifont_pua-17.0.01.hex, loading
[11:43:06] [Render thread/INFO]: Thread[#3,Render thread,5,main]
[11:43:06] [Render thread/INFO]: OpenGL Vendor: NVIDIA Corporation
[11:43:06] [Render thread/INFO]: OpenGL Renderer: NVIDIA GeForce RTX 5060 Laptop GPU/PCIe/SSE2
[11:43:06] [Render thread/INFO]: OpenGL Version: 3.3.0 NVIDIA 617.14
[11:43:06] [Render thread/INFO]: Modifying OpenGL context to apply workarounds for the NVIDIA graphics driver...
[11:43:06] [Render thread/INFO]: Enabling GL_DEBUG_OUTPUT_SYNCHRONOUS to force the NVIDIA driver to disable threaded command submission
[11:43:06] [Render thread/INFO]: Cached all modded block culling states
[11:43:06] [Render thread/INFO]: Running Delayed setup...
[11:43:06] [Render thread/INFO]: Delayed setup complete, firing DhApiAfterDhInitEvent event...
[11:43:06] [Render thread/INFO]: DH Ready, binding Iris event handlers...
[11:43:06] [Render thread/INFO]: DH Iris events bound.
[11:43:06] [DH-PostClientInit Thread/INFO]: Setting DH Rendering API to: [OPEN_GL]...
[11:43:06] [DH-PostClientInit Thread/INFO]: DH Rendering successfully bound to: [OpenGL]...
[11:43:06] [Render thread/INFO]: Loaded null for service interface journeymap.api.services.WebMapService
[11:43:06] [Render thread/INFO]: Loaded journeymap.common.helpers.FabricClientHooks@3e76ce1 for service interface journeymap.api.services.ClientPlatformService
[11:43:06] [Render thread/INFO]: Loaded journeymap.common.helpers.FabricHooks@643ef1c3 for service interface journeymap.api.services.CommonPlatformService
[11:43:06] [Worker-ResourceReload-19/INFO]: Found unifont_jp_patch-17.0.01.hex, loading
[11:43:06] [Render thread/INFO]: Skipping dev-only plugin (set -Djourneymap.dev_plugins=true to enable): journeymap.api.plugins.DebugVerificationPlugin
[11:43:06] [Render thread/INFO]: Skipping dev-only plugin (set -Djourneymap.dev_plugins=true to enable): journeymap.api.plugins.OverlayLifecycleProfilingPlugin
[11:43:17] [Render thread/INFO]: SeedGen GPU: tier=COMPUTE | NVIDIA GeForce RTX 5060 Laptop GPU/PCIe/SSE2 | 3.3.0 NVIDIA 617.14 | maxInvocations=1024 groupSize=1024x1024x64 ssboBlocks=16 ssboMax=2047MB
[11:43:17] [Render thread/INFO]: SeedGen GPU: compute self-test passed — GPU meshing path is available
[11:43:17] [Render thread/INFO]: Profile: Custom (+29 options changed by user)
[11:43:17] [Render thread/INFO]: Using shaderpack: ComplementaryUnbound_r5.9.3.zip
[11:43:17] [Render thread/INFO]: OpenAL initialized on device OpenAL Soft on Headphones (HECATE GM400)
[11:43:17] [Render thread/INFO]: Sound engine started
[11:43:17] [Render thread/INFO]: Created: 2048x1024x0 minecraft:textures/atlas/particles.png-atlas
[11:43:17] [Render thread/INFO]: Created: 256x128x0 minecraft:textures/atlas/celestials.png-atlas
[11:43:17] [Render thread/INFO]: Created: 256x128x0 minecraft:textures/atlas/decorated_pot.png-atlas
[11:43:17] [Render thread/INFO]: Created: 512x512x0 minecraft:textures/atlas/paintings.png-atlas
[11:43:17] [Render thread/INFO]: Created: 1024x512x0 minecraft:textures/atlas/shield_patterns.png-atlas
[11:43:17] [Render thread/INFO]: Created: 1024x512x0 minecraft:textures/atlas/banner_patterns.png-atlas
[11:43:17] [Render thread/INFO]: Created: 8192x8192x4 minecraft:textures/atlas/blocks.png-atlas
[11:43:17] [Render thread/INFO]: Created: 1024x1024x0 minecraft:textures/atlas/items.png-atlas
[11:43:17] [Render thread/INFO]: Created: 1024x1024x0 minecraft:textures/atlas/gui.png-atlas
[11:43:17] [Render thread/INFO]: Created: 128x128x0 minecraft:textures/atlas/map_decorations.png-atlas
[11:43:17] [Render thread/INFO]: Created: 512x512x0 minecraft:textures/atlas/chest.png-atlas
[11:43:17] [Render thread/INFO]: Created: 512x512x0 minecraft:textures/atlas/shulker_boxes.png-atlas
[11:43:18] [Render thread/INFO]: 38633 cache(s) were cleared!
[11:43:18] [Render thread/INFO]: Created: 256x128x0 mezz_config:textures/atlas/gui.png-atlas
[11:43:18] [Render thread/INFO]: Loaded 0 models and 0 animations from resources
[11:43:18] [Render thread/INFO]: Geometry registry populated! Task successfully completed
[11:43:18] [Render thread/INFO]: Distant Horizons auto update disabled.
[11:43:18] [Render thread/INFO]: Creating pipeline for dimension minecraft:overworld
[11:43:19] [Render thread/WARN]: Type is VERTEX
[11:43:19] [Render thread/WARN]: Type is FRAGMENT
[11:43:19] [Render thread/WARN]: Type is VERTEX
[11:43:19] [Render thread/WARN]: Type is FRAGMENT
[11:43:19] [Render thread/WARN]: Type is VERTEX
[11:43:19] [Render thread/WARN]: Type is FRAGMENT
[11:43:19] [Render thread/INFO]: [TACZ Scope] Iris program link: name=basic -> skipped (IrisScopeMaskInjection=OFF)
[11:43:19] [Render thread/INFO]: [TACZ Scope] Iris scope-mask injection so far: 0 HAND program(s) patched, 0 world program(s) left byte-identical to stock Iris (1 config-skipped, 0 no-verifiable-main skipped, 0 legacy-ALL injected; saw 1 fragment shader(s)).
[11:43:19] [Render thread/INFO]: [TACZ Scope] Iris program link: name=basic_color -> skipped (IrisScopeMaskInjection=OFF)
[11:43:19] [Render thread/INFO]: [TACZ Scope] Iris program link: name=textured -> skipped (IrisScopeMaskInjection=OFF)
[11:43:19] [Render thread/INFO]: [TACZ Scope] Iris program link: name=textured_color -> skipped (IrisScopeMaskInjection=OFF)
[11:43:19] [Render thread/INFO]: [TACZ Scope] Iris program link: name=sps -> skipped (IrisScopeMaskInjection=OFF)
[11:43:19] [Render thread/INFO]: [TACZ Scope] Iris program link: name=sky_basic -> skipped (IrisScopeMaskInjection=OFF)
[11:43:19] [Render thread/INFO]: [TACZ Scope] Iris program link: name=sky_basic_color -> skipped (IrisScopeMaskInjection=OFF)
[11:43:19] [Render thread/INFO]: [TACZ Scope] Iris program link: name=sky_textured -> skipped (IrisScopeMaskInjection=OFF)
[11:43:19] [Render thread/INFO]: [TACZ Scope] Iris program link: name=sky_textured_color -> skipped (IrisScopeMaskInjection=OFF)
[11:43:19] [Render thread/INFO]: [TACZ Scope] Iris program link: name=clouds -> skipped (IrisScopeMaskInjection=OFF)
[11:43:19] [Render thread/INFO]: [TACZ Scope] Iris program link: name=clouds_sodium -> skipped (IrisScopeMaskInjection=OFF)
[11:43:19] [Render thread/INFO]: [TACZ Scope] Iris program link: name=terrain_solid -> skipped (IrisScopeMaskInjection=OFF)
[11:43:19] [Render thread/INFO]: [TACZ Scope] Iris program link: name=terrain_cutout -> skipped (IrisScopeMaskInjection=OFF)
[11:43:19] [Render thread/INFO]: [TACZ Scope] Iris program link: name=terrain_translucent -> skipped (IrisScopeMaskInjection=OFF)
[11:43:19] [Render thread/INFO]: [TACZ Scope] Iris program link: name=moving_block -> skipped (IrisScopeMaskInjection=OFF)
[11:43:19] [Render thread/INFO]: [TACZ Scope] Iris program link: name=entities_alpha -> skipped (IrisScopeMaskInjection=OFF)
[11:43:19] [Render thread/INFO]: [TACZ Scope] Iris program link: name=entities_solid -> skipped (IrisScopeMaskInjection=OFF)
[11:43:19] [Render thread/INFO]: [TACZ Scope] Iris program link: name=entities_solid_glint -> skipped (IrisScopeMaskInjection=OFF)
[11:43:19] [Render thread/INFO]: [TACZ Scope] Iris program link: name=entities_solid_diffuse -> skipped (IrisScopeMaskInjection=OFF)
[11:43:19] [Render thread/INFO]: [TACZ Scope] Iris program link: name=entities_solid_bright -> skipped (IrisScopeMaskInjection=OFF)
[11:43:19] [Render thread/INFO]: [TACZ Scope] Iris program link: name=entities_cutout -> skipped (IrisScopeMaskInjection=OFF)
[11:43:19] [Render thread/INFO]: [TACZ Scope] Iris program link: name=entities_cutout_glint -> skipped (IrisScopeMaskInjection=OFF)
[11:43:19] [Render thread/INFO]: [TACZ Scope] Iris program link: name=entities_cutout_glint_special -> skipped (IrisScopeMaskInjection=OFF)
[11:43:19] [Render thread/INFO]: [TACZ Scope] Iris program link: name=entities_cutout_glint_armor -> skipped (IrisScopeMaskInjection=OFF)
[11:43:19] [Render thread/INFO]: [TACZ Scope] Iris program link: name=entities_cutout_diffuse -> skipped (IrisScopeMaskInjection=OFF)
[11:43:19] [Render thread/INFO]: [TACZ Scope] Iris program link: name=entities_translucent -> skipped (IrisScopeMaskInjection=OFF)
[11:43:19] [Render thread/INFO]: [TACZ Scope] Iris program link: name=entities_translucent_glint -> skipped (IrisScopeMaskInjection=OFF)
[11:43:19] [Render thread/INFO]: [TACZ Scope] Iris program link: name=entities_translucent_glint_special -> skipped (IrisScopeMaskInjection=OFF)
[11:43:19] [Render thread/INFO]: [TACZ Scope] Iris program link: name=entities_eyes -> skipped (IrisScopeMaskInjection=OFF)
[11:43:19] [Render thread/INFO]: [TACZ Scope] Iris program link: name=entities_eyes_trans -> skipped (IrisScopeMaskInjection=OFF)
[11:43:19] [Render thread/INFO]: [TACZ Scope] Iris program link: name=hand_cutout -> skipped (IrisScopeMaskInjection=OFF)
[11:43:19] [Render thread/INFO]: [TACZ Scope] Iris program link: name=hand_cutout_glint -> skipped (IrisScopeMaskInjection=OFF)
[11:43:19] [Render thread/INFO]: [TACZ Scope] Iris program link: name=hand_cutout_glint_diffuse -> skipped (IrisScopeMaskInjection=OFF)
[11:43:19] [Render thread/INFO]: [TACZ Scope] Iris program link: name=hand_cutout_glint_special -> skipped (IrisScopeMaskInjection=OFF)
[11:43:19] [Render thread/INFO]: [TACZ Scope] Iris program link: name=hand_cutout_glint_armor -> skipped (IrisScopeMaskInjection=OFF)
[11:43:19] [Render thread/INFO]: [TACZ Scope] Iris program link: name=hand_cutout_bright -> skipped (IrisScopeMaskInjection=OFF)
[11:43:19] [Render thread/INFO]: [TACZ Scope] Iris program link: name=hand_cutout_diffuse -> skipped (IrisScopeMaskInjection=OFF)
[11:43:19] [Render thread/INFO]: [TACZ Scope] Iris program link: name=hand_text -> skipped (IrisScopeMaskInjection=OFF)
[11:43:19] [Render thread/INFO]: [TACZ Scope] Iris program link: name=hand_text_translucent -> skipped (IrisScopeMaskInjection=OFF)
[11:43:19] [Render thread/INFO]: [TACZ Scope] Iris program link: name=hand_text_intensity -> skipped (IrisScopeMaskInjection=OFF)
[11:43:19] [Render thread/INFO]: [TACZ Scope] Iris program link: name=hand_translucent -> skipped (IrisScopeMaskInjection=OFF)
[11:43:19] [Render thread/INFO]: [TACZ Scope] Iris program link: name=hand_translucent_glint -> skipped (IrisScopeMaskInjection=OFF)
[11:43:19] [Render thread/INFO]: [TACZ Scope] Iris program link: name=hand_translucent_glint_diffuse -> skipped (IrisScopeMaskInjection=OFF)
[11:43:19] [Render thread/INFO]: [TACZ Scope] Iris program link: name=hand_translucent_glint_special -> skipped (IrisScopeMaskInjection=OFF)
[11:43:19] [Render thread/INFO]: [TACZ Scope] Iris program link: name=hand_translucent_glint_armor -> skipped (IrisScopeMaskInjection=OFF)
[11:43:19] [Render thread/INFO]: [TACZ Scope] Iris program link: name=hand_water_bright -> skipped (IrisScopeMaskInjection=OFF)
[11:43:19] [Render thread/INFO]: [TACZ Scope] Iris program link: name=hand_water_diffuse -> skipped (IrisScopeMaskInjection=OFF)
[11:43:19] [Render thread/INFO]: [TACZ Scope] Iris program link: name=lightning -> skipped (IrisScopeMaskInjection=OFF)
[11:43:19] [Render thread/INFO]: [TACZ Scope] Iris program link: name=leash -> skipped (IrisScopeMaskInjection=OFF)
[11:43:19] [Render thread/INFO]: [TACZ Scope] Iris program link: name=text_bg -> skipped (IrisScopeMaskInjection=OFF)
[11:43:19] [Render thread/INFO]: [TACZ Scope] Iris program link: name=particles -> skipped (IrisScopeMaskInjection=OFF)
[11:43:19] [Render thread/INFO]: [TACZ Scope] Iris program link: name=particles_trans -> skipped (IrisScopeMaskInjection=OFF)
[11:43:19] [Render thread/INFO]: [TACZ Scope] Iris program link: name=weather -> skipped (IrisScopeMaskInjection=OFF)
[11:43:19] [Render thread/INFO]: [TACZ Scope] Iris program link: name=crumbling -> skipped (IrisScopeMaskInjection=OFF)
[11:43:19] [Render thread/INFO]: [TACZ Scope] Iris program link: name=text -> skipped (IrisScopeMaskInjection=OFF)
[11:43:19] [Render thread/INFO]: [TACZ Scope] Iris program link: name=text_intensity -> skipped (IrisScopeMaskInjection=OFF)
[11:43:19] [Render thread/INFO]: [TACZ Scope] Iris program link: name=text_be -> skipped (IrisScopeMaskInjection=OFF)
[11:43:19] [Render thread/INFO]: [TACZ Scope] Iris program link: name=text_intensity_be -> skipped (IrisScopeMaskInjection=OFF)
[11:43:19] [Render thread/INFO]: [TACZ Scope] Iris program link: name=block_entity -> skipped (IrisScopeMaskInjection=OFF)
[11:43:19] [Render thread/INFO]: [TACZ Scope] Iris program link: name=block_entity_bright -> skipped (IrisScopeMaskInjection=OFF)
[11:43:19] [Render thread/INFO]: [TACZ Scope] Iris program link: name=block_entity_diffuse -> skipped (IrisScopeMaskInjection=OFF)
[11:43:19] [Render thread/INFO]: [TACZ Scope] Iris program link: name=be_translucent -> skipped (IrisScopeMaskInjection=OFF)
[11:43:19] [Render thread/INFO]: [TACZ Scope] Iris program link: name=beacon -> skipped (IrisScopeMaskInjection=OFF)
[11:43:19] [Render thread/INFO]: [TACZ Scope] Iris program link: name=glint -> skipped (IrisScopeMaskInjection=OFF)
[11:43:19] [Render thread/INFO]: [TACZ Scope] Iris program link: name=lines -> skipped (IrisScopeMaskInjection=OFF)
[11:43:19] [Render thread/INFO]: [TACZ Scope] Iris program link: name=mekanism_flame -> skipped (IrisScopeMaskInjection=OFF)
[11:43:19] [Render thread/INFO]: [TACZ Scope] Iris program link: name=sodium_terrain_solid -> skipped (IrisScopeMaskInjection=OFF)
[11:43:20] [Render thread/INFO]: [TACZ Scope] Iris program link: name=sodium_terrain_cutout -> skipped (IrisScopeMaskInjection=OFF)
[11:43:20] [Render thread/INFO]: [TACZ Scope] Iris program link: name=sodium_terrain_translucent -> skipped (IrisScopeMaskInjection=OFF)
[11:43:20] [Render thread/INFO]: [TACZ Scope] Iris program link: name=shadow_sodium_terrain_solid -> skipped (IrisScopeMaskInjection=OFF)
[11:43:20] [Render thread/INFO]: [TACZ Scope] Iris program link: name=shadow_sodium_terrain_cutout -> skipped (IrisScopeMaskInjection=OFF)
[11:43:20] [Render thread/INFO]: [TACZ Scope] Iris program link: name=shadow_sodium_terrain_translucent -> skipped (IrisScopeMaskInjection=OFF)
[11:43:20] [Render thread/INFO]: [TACZ Scope] Iris program link: name=shadow_terrain_cutout -> skipped (IrisScopeMaskInjection=OFF)
[11:43:20] [Render thread/INFO]: [TACZ Scope] Iris program link: name=shadow_translucent -> skipped (IrisScopeMaskInjection=OFF)
[11:43:20] [Render thread/INFO]: [TACZ Scope] Iris program link: name=shadow_entities_cutout -> skipped (IrisScopeMaskInjection=OFF)
[11:43:20] [Render thread/INFO]: [TACZ Scope] Iris program link: name=shadow_block -> skipped (IrisScopeMaskInjection=OFF)
[11:43:20] [Render thread/INFO]: [TACZ Scope] Iris program link: name=shadow_beacon_beam -> skipped (IrisScopeMaskInjection=OFF)
[11:43:20] [Render thread/INFO]: [TACZ Scope] Iris program link: name=shadow_basic -> skipped (IrisScopeMaskInjection=OFF)
[11:43:20] [Render thread/INFO]: [TACZ Scope] Iris program link: name=shadow_basic_color -> skipped (IrisScopeMaskInjection=OFF)
[11:43:20] [Render thread/INFO]: [TACZ Scope] Iris program link: name=shadow_tex -> skipped (IrisScopeMaskInjection=OFF)
[11:43:20] [Render thread/INFO]: [TACZ Scope] Iris program link: name=shadow_tex_color -> skipped (IrisScopeMaskInjection=OFF)
[11:43:20] [Render thread/INFO]: [TACZ Scope] Iris program link: name=shadow_clouds -> skipped (IrisScopeMaskInjection=OFF)
[11:43:20] [Render thread/INFO]: [TACZ Scope] Iris program link: name=shadow_lines -> skipped (IrisScopeMaskInjection=OFF)
[11:43:20] [Render thread/INFO]: [TACZ Scope] Iris program link: name=shadow_leash -> skipped (IrisScopeMaskInjection=OFF)
[11:43:20] [Render thread/INFO]: [TACZ Scope] Iris program link: name=shadow_lightning -> skipped (IrisScopeMaskInjection=OFF)
[11:43:20] [Render thread/INFO]: [TACZ Scope] Iris program link: name=shadow_particles -> skipped (IrisScopeMaskInjection=OFF)
[11:43:20] [Render thread/INFO]: [TACZ Scope] Iris program link: name=shadow_text -> skipped (IrisScopeMaskInjection=OFF)
[11:43:20] [Render thread/INFO]: [TACZ Scope] Iris program link: name=shadow_text_bg -> skipped (IrisScopeMaskInjection=OFF)
[11:43:20] [Render thread/INFO]: [TACZ Scope] Iris program link: name=shadow_text_intensity -> skipped (IrisScopeMaskInjection=OFF)
[11:43:20] [Render thread/INFO]: [TACZ Scope] Iris program link: name=mekanism_flame_shadow -> skipped (IrisScopeMaskInjection=OFF)
[11:43:20] [Render thread/INFO]: [TacZMeshLoader] Shader pack state changed (active=true); mesh bake generation -> 1
[11:43:21] [ForkJoinPool.commonPool-worker-2/INFO]: Loaded 1 player data objects (took 1s 364ms)
[11:43:52] [Render thread/INFO]: Start scanning for gun packs in E:\GAME\MC\HMCL\.minecraft\tacz
[11:43:52] [Render thread/INFO]: - tacz_default_gun, Main namespace: tacz
[11:43:52] [Render thread/INFO]: Found 1 possible gunpack(s) and added them to resource set.
[11:43:53] [Worker-ResourceReload-19/INFO]: Loaded 1906 advancements
[11:43:53] [Render thread/INFO]: Loaded 7 throwable index(es)
[11:43:53] [Render thread/INFO]: Loaded 1 melee index(es)
[11:43:53] [Render thread/INFO]: Loaded 1 consumable index(es)
[11:43:53] [Render thread/WARN]: Initial datapack load took 664.9 ms
[11:43:53] [Render thread/INFO]: Applied 424 biome modifications to 54 of 67 new biomes in 9.009 ms
[11:43:53] [Server thread/INFO]: Encoded Weapon Attribute registry size (with package overhead): 2587 bytes (in 1 string chunks with the size of 10000)
[11:43:53] [Server thread/INFO]: Server World loading with (dedicated?:false)
[11:43:53] [Server thread/INFO]: Started DhWorld of type [CLIENT_SERVER].
[11:43:53] [Server thread/INFO]: Starting integrated minecraft server version 26.3
[11:43:53] [Server thread/INFO]: Generating keypair
[11:43:53] [Server thread/INFO]: Initializing Open Parties and Claims for the server...
[11:43:53] [Server thread/INFO]: Loading server info!
[11:43:53] [Server thread/INFO]: Loading player configs...
[11:43:53] [Server thread/INFO]: Loaded player configs!
[11:43:53] [Server thread/INFO]: Loading parties...
[11:43:53] [Server thread/INFO]: Loaded parties!
[11:43:53] [Server thread/INFO]: Fixing party inconsistencies...
[11:43:53] [Server thread/INFO]: Registered party system for OPAC: default
[11:43:53] [Server thread/WARN]: The configured primary party system "argonauts_guilds" isn't registered!
[11:43:53] [Server thread/INFO]: Configured OPAC to use the following party system as primary: default
[11:43:53] [Server thread/INFO]: Loading claims...
[11:43:53] [Server thread/INFO]: Loaded claims in 1ms
[11:43:53] [Server thread/WARN]: The configured permission system "prometheus" isn't registered!
[11:43:53] [Server thread/INFO]: Enforcing safe world random access
[11:43:54] [Server thread/INFO]: [STDOUT]: [ScalableLux] Lighting scaling is enabled in externally managed mode
[11:43:54] [Server thread/INFO]: Using TheSpeedyObjectFactory with Unsafe
[11:43:54] [Server thread/INFO]: Server Level Wrapped{ServerLevel[新的世界]@minecraft:overworld} loading
[11:43:54] [DH-Full Data Migration Thread[0]/INFO]: Attempting to migrate data sources for: [minecraft:overworld]-[E:\GAME\MC\HMCL\.minecraft\saves\新的世界\dimensions\minecraft\overworld\data]...
[11:43:54] [DH-Full Data Migration Thread[0]/INFO]: Found [0] data sources that need migration.
[11:43:54] [DH-Full Data Migration Thread[0]/INFO]: No migration necessary.
[11:43:54] [Server thread/INFO]: Started DhClientServerLevel for [Wrapped{ServerLevel[新的世界]@minecraft:overworld}] at [[LocalSaveStructure@(E:\GAME\MC\HMCL\.minecraft\saves\新的世界\dimensions\minecraft\overworld\data)]].
[11:43:54] [Server thread/INFO]: Seed Renderer loaded 20 tree templates
[11:43:54] [Server thread/INFO]: Seed Renderer loaded 7 structure sets and 5 village styles, widest reach 31 blocks
[11:43:54] [Server thread/INFO]: Seed Renderer loaded End captures: 5 chorus (reach 3), 2 cities (reach 50), gateway yes
[11:43:54] [Server thread/INFO]: Seed Renderer loaded Nether captures: 3 crimson, 3 warped, 3 fossils, 4 bastions (reach 52)
[11:43:54] [Server thread/INFO]: Seed Renderer read the ground of 56 biomes from the world's surface rule, 56 of them vanilla's rewritten by a data pack (7882 nodes, 9 noises) in 14 ms; types not understood: [lithostitched:slope]
[11:43:54] [Server thread/INFO]: Seed Renderer read the trees of 6 biomes from their own definitions, 6 of them vanilla's rewritten by a data pack: 6 grow trees, 6 have ice or kelp of their own, 0 features paint the ground; 15 kinds of vanilla's, 12 with vanilla's placers and 2 of their mods' own types among them, 2 of those grown; in 41 ms
[11:43:54] [Server thread/INFO]: Seed Renderer places 2 of minecraft:overworld's features where the world puts them rather than scattering them
[11:43:54] [Server thread/INFO]:    ICEBERG is step 2, index 0 of 5 in that step
[11:43:54] [Server thread/INFO]:    BLUE_ICEBERG is step 2, index 1 of 5 in that step
[11:43:54] [Server thread/INFO]: Seed Renderer terrain: not an Amplified world type, one surface per column
[11:43:54] [Server thread/INFO]: Seed Renderer built sampler #1 in 21ms (terrain half found, surface search cell 8)
[11:43:55] [Server thread/INFO]: Seed Renderer settings: enabled=true structures=true trees=true waterFeatures=true distantTerrain=SMOOTH extendedDistance=0 realTerrain=true/64 throughput=CONSERVATIVE
[11:43:55] [Server thread/INFO]: Seed Renderer limits: dhThreads=10 dhRunTimeRatio=1.0 | throughput=CONSERVATIVE maxDetail=1 queueScale=1 propagateDelayMs=1000 inFlightScale=1 renderBudgetScale=2 renderPriority=1 renderYieldQueue=2147483647 saveDelayMs=10000
[11:43:55] [Server thread/INFO]: Seed Renderer distant terrain: smooth, coarse sections up to detail level 12 (set by the player)
[11:43:55] [Server thread/INFO]: Seed Renderer world: NoiseBasedChunkGenerator / MultiNoiseBiomeSource, 56 biomes, y -64..320, sea level 63, cell 4x8
[11:43:55] [Server thread/INFO]: Seed Renderer is now generating LODs for minecraft:overworld (seed 1432186525733536191), bound in 626 ms
[11:43:55] [Server thread/INFO]: Server Level Wrapped{ServerLevel[新的世界]@minecraft:the_end} loading
[11:43:55] [DH-Full Data Migration Thread[0]/INFO]: Attempting to migrate data sources for: [minecraft:the_end]-[E:\GAME\MC\HMCL\.minecraft\saves\新的世界\dimensions\minecraft\the_end\data]...
[11:43:55] [DH-Full Data Migration Thread[0]/INFO]: Found [0] data sources that need migration.
[11:43:55] [DH-Full Data Migration Thread[0]/INFO]: No migration necessary.
[11:43:55] [Server thread/INFO]: Started DhClientServerLevel for [Wrapped{ServerLevel[新的世界]@minecraft:the_end}] at [[LocalSaveStructure@(E:\GAME\MC\HMCL\.minecraft\saves\新的世界\dimensions\minecraft\the_end\data;E:\GAME\MC\HMCL\.minecraft\saves\新的世界\dimensions\minecraft\overworld\data)]].
[11:43:55] [Server thread/INFO]: Seed Renderer terrain: the End's islands are vanilla's, drawn from its island field (, probed in 0 ms)
[11:43:55] [Server thread/INFO]: Seed Renderer settings: enabled=true structures=true trees=true waterFeatures=true distantTerrain=SMOOTH extendedDistance=0 realTerrain=true/64 throughput=CONSERVATIVE
[11:43:55] [Server thread/INFO]: Seed Renderer limits: dhThreads=10 dhRunTimeRatio=1.0 | throughput=CONSERVATIVE maxDetail=1 queueScale=1 propagateDelayMs=1000 inFlightScale=1 renderBudgetScale=2 renderPriority=1 renderYieldQueue=2147483647 saveDelayMs=10000
[11:43:55] [Server thread/INFO]: Seed Renderer distant terrain: smooth, coarse sections up to detail level 12 (set by the player)
[11:43:55] [Server thread/INFO]: Seed Renderer world: NoiseBasedChunkGenerator / TheEndBiomeSource, 5 biomes, y 0..128, sea level 0, cell 8x4
[11:43:55] [Server thread/INFO]: Seed Renderer is now generating LODs for minecraft:the_end (seed 1432186525733536191), bound in 13 ms
[11:43:55] [Server thread/INFO]: Server Level Wrapped{ServerLevel[新的世界]@minecraft:the_nether} loading
[11:43:55] [DH-Full Data Migration Thread[0]/INFO]: Attempting to migrate data sources for: [minecraft:the_nether]-[E:\GAME\MC\HMCL\.minecraft\saves\新的世界\dimensions\minecraft\the_nether\data]...
[11:43:55] [DH-Full Data Migration Thread[0]/INFO]: Found [0] data sources that need migration.
[11:43:55] [DH-Full Data Migration Thread[0]/INFO]: No migration necessary.
[11:43:55] [Server thread/INFO]: Started DhClientServerLevel for [Wrapped{ServerLevel[新的世界]@minecraft:the_nether}] at [[LocalSaveStructure@(E:\GAME\MC\HMCL\.minecraft\saves\新的世界\dimensions\minecraft\the_end\data;E:\GAME\MC\HMCL\.minecraft\saves\新的世界\dimensions\minecraft\the_nether\data;E:\GAME\MC\HMCL\.minecraft\saves\新的世界\dimensions\minecraft\overworld\data)]].
[11:43:55] [Server thread/INFO]: Seed Renderer read the ground of 5 biomes from the world's surface rule, 5 of them vanilla's rewritten by a data pack (250 nodes, 6 noises) in 1 ms
[11:43:55] [Server thread/INFO]: Seed Renderer settings: enabled=true structures=true trees=true waterFeatures=true distantTerrain=SMOOTH extendedDistance=0 realTerrain=true/64 throughput=CONSERVATIVE
[11:43:55] [Server thread/INFO]: Seed Renderer limits: dhThreads=10 dhRunTimeRatio=1.0 | throughput=CONSERVATIVE maxDetail=1 queueScale=1 propagateDelayMs=1000 inFlightScale=1 renderBudgetScale=2 renderPriority=1 renderYieldQueue=2147483647 saveDelayMs=10000
[11:43:55] [Server thread/INFO]: Seed Renderer distant terrain: smooth, coarse sections up to detail level 12 (set by the player)
[11:43:55] [Server thread/INFO]: Seed Renderer world: NoiseBasedChunkGenerator / MultiNoiseBiomeSource, 5 biomes, y 0..128, sea level 32, cell 4x8
[11:43:55] [Server thread/INFO]: Seed Renderer is now generating LODs for minecraft:the_nether (seed 1432186525733536191), bound in 9 ms
[11:43:55] [Server thread/INFO]: Loading 0 persistent chunks...
[11:43:55] [Server thread/INFO]: 准备生成区域中：16%
[11:43:55] [Server thread/INFO]: Saving chunks for level 'ServerLevel[新的世界]'/minecraft:overworld
[11:43:55] [Server thread/INFO]: Saving chunks for level 'ServerLevel[新的世界]'/minecraft:the_end
[11:43:55] [Server thread/INFO]: Saving chunks for level 'ServerLevel[新的世界]'/minecraft:the_nether
[11:43:56] [Netty Local IO #1/INFO]: Received config sync packet
[11:43:56] [Netty Local IO #1/INFO]: Decoded Weapon Attribute registry in 1 string chunks
[11:43:56] [Server thread/INFO]: Loading 0 chunks for player spawn...
[11:43:56] [Server thread/INFO]: 准备生成区域中：16%
[11:43:56] [Server thread/INFO]: 准备生成区域中：16%
[11:43:56] [Server thread/INFO]: Time elapsed: 1381 ms
[11:43:56] [Render thread/INFO]: Joined server with c2me:ext_render_distance_v1 support
[11:43:56] [Server thread/INFO]: FiVE5th[local:E:d39f53ef] logged in with entity id 76 at (910.6609579890007, 174.0, -1124.549624483138)
[11:43:56] [Server thread/INFO]: Loaded 1 player data objects (took 0s 0ms)
[11:43:56] [Server thread/INFO]: Player [FiVE5th] joined.
[11:43:56] [Server thread/INFO]: System chat: FiVE5th加入了游戏
[11:43:56] [Server thread/INFO]: Updating all forceload tickets for 02a2cc96-be3f-49d2-8bc4-827b6e882d8e
[11:43:56] [Render thread/INFO]: Started 24 worker threads
[11:43:56] [Render thread/INFO]: [TacZMeshLoader] block poly_mesh stats for tacz:geo_models/block/gun_smith_table.json: 0 bones, 0 vertices
[11:43:56] [Render thread/INFO]: [TacZMeshLoader] block poly_mesh stats for tacz:geo_models/block/attachment_workbench.json: 0 bones, 0 vertices
[11:43:56] [Render thread/INFO]: [TacZMeshLoader] block poly_mesh stats for tacz:geo_models/block/ammo_workbench.json: 0 bones, 0 vertices
[11:43:56] [Render thread/INFO]: Starting JEI...
[11:43:56] [Server thread/INFO]: Seed Renderer: generating real chunks out to 64 chunks around the player in minecraft:overworld. Distant Horizons lays them over the drawn terrain as they arrive; this is slow and they are saved as walking there would save them.
[11:43:56] [Render thread/INFO]: Configuring JEI...
[11:43:56] [Render thread/INFO]: Configuring JEI took 453.6 microseconds
[11:43:56] [Server thread/INFO]: Changing view distance to 32, from 10
[11:43:56] [Server thread/INFO]: Changing simulation distance to 32, from 0
[11:43:56] [Render thread/INFO]: Registering item subtypes...
[11:43:56] [Render thread/INFO]: Registering item subtypes took 1.936 milliseconds
[11:43:56] [Render thread/INFO]: Registering fluid subtypes...
[11:43:56] [Render thread/INFO]: Registering fluid subtypes took 100.2 microseconds
[11:43:56] [Render thread/INFO]: Registering ingredients...
[11:43:57] [Render thread/INFO]: Registering ingredients: jei:minecraft took 75.17 milliseconds
[11:43:57] [Render thread/INFO]: Registering ingredients took 75.44 milliseconds
[11:43:57] [Render thread/INFO]: Registering extra ingredients...
[11:43:57] [Render thread/INFO]: Registering extra ingredients took 123.4 microseconds
[11:43:57] [Render thread/INFO]: Registering search ingredient aliases...
[11:43:57] [Render thread/INFO]: Registering search ingredient aliases took 60.20 microseconds
[11:43:57] [Render thread/INFO]: Registering slot display interpreters...
[11:43:57] [Render thread/INFO]: Registering slot display interpreters took 2.776 milliseconds
[11:43:57] [Render thread/INFO]: Registering Mod Info...
[11:43:57] [Render thread/INFO]: Registering Mod Info took 193.4 microseconds
[11:43:57] [Render thread/INFO]: Registering advanced search...
[11:43:57] [Render thread/INFO]: Registering advanced search took 194.5 microseconds
[11:43:57] [Render thread/INFO]: Registering categories...
[11:43:57] [Render thread/INFO]: Registering categories: jei:minecraft took 13.12 milliseconds
[11:43:57] [Render thread/INFO]: Registering categories took 22.18 milliseconds
[11:43:57] [Render thread/INFO]: Registering vanilla category extensions...
[11:43:57] [Render thread/INFO]: Registering vanilla category extensions took 3.007 milliseconds
[11:43:57] [Render thread/INFO]: Registering recipe catalysts...
[11:43:57] [Render thread/INFO]: Registering recipe catalysts took 1.831 milliseconds
[11:43:57] [Render thread/INFO]: Building recipe registry...
[11:43:57] [Render thread/INFO]: Building recipe registry took 10.78 milliseconds
[11:43:57] [Render thread/INFO]: Registering advanced plugins...
[11:43:57] [Render thread/INFO]: Added typed recipe manager plugin: class mezz.jei.library.plugins.vanilla.crafting.FireworkStarRecipeManagerPlugin
[11:43:57] [Render thread/INFO]: Registering advanced plugins: jei:minecraft took 12.90 milliseconds
[11:43:57] [Render thread/INFO]: Registering advanced plugins took 13.21 milliseconds
[11:43:57] [Render thread/INFO]: Registering recipes...
[11:43:57] [Render thread/INFO]: Registering recipes: jei:minecraft took 330.9 milliseconds
[11:43:57] [Render thread/INFO]: Registering recipes: tacz:jei took 69.93 milliseconds
[11:43:57] [Render thread/INFO]: Registering recipes: jei:internal took 105.6 milliseconds
[11:43:57] [Render thread/INFO]: Registering recipes took 507.3 milliseconds
[11:43:57] [Render thread/INFO]: Registering recipes transfer handlers...
[11:43:57] [Render thread/INFO]: Registering recipes transfer handlers took 2.416 milliseconds
[11:43:57] [Render thread/INFO]: Building runtime...
[11:43:57] [Render thread/INFO]: Registering gui handlers...
[11:43:57] [Render thread/INFO]: Registering gui handlers took 6.053 milliseconds
[11:43:57] [Render thread/INFO]: Registering Runtime...
[11:43:57] [Render thread/INFO]: Starting JEI GUI
[11:43:57] [Render thread/INFO]: Building ingredient list...
[11:43:57] [Render thread/INFO]: Building ingredient list took 21.17 milliseconds
[11:43:57] [Render thread/INFO]: Building ingredient filter...
[11:43:57] [Render thread/INFO]: Adding 2278 ingredients
[11:43:57] [Render thread/INFO]: Added 2278 ingredients
[11:43:57] [Render thread/INFO]: Building ingredient filter took 24.08 milliseconds
[11:43:57] [Render thread/INFO]: Registering Runtime: jei:fabric_gui took 120.0 milliseconds
[11:43:57] [Render thread/INFO]: Registering Runtime took 120.4 milliseconds
[11:43:57] [Render thread/INFO]: Building runtime took 130.2 milliseconds
[11:43:57] [Render thread/INFO]: Sending Runtime...
[11:43:57] [Render thread/INFO]: Sending Runtime took 161.9 microseconds
[11:43:57] [Render thread/INFO]: Starting JEI took 832.0 milliseconds
[11:43:57] [Render thread/INFO]: Loaded 200 advancements
[11:43:57] [Render thread/INFO]: Joined server with c2me:ext_render_distance_v1 support
[11:43:57] [Render thread/INFO]: Changing view distance to 32 (play stage)
[11:43:57] [tacz-client-asset-preload-1/INFO]: [TacZMeshLoader] poly_mesh stats for tacz:geo_models/gun/lod/m95.json: 0 bones, 0 vertices (translucent=0, illuminated=0, mag=false, additionalMag=false)
[11:43:58] [Render thread/INFO]: [TACZ Recipe Viewer] Refreshing after gun-pack sync (4 table(s), 182 recipe(s)).
[11:43:58] [Render thread/INFO]: Stopping JEI
[11:43:58] [Render thread/INFO]: Stopping JEI
[11:43:58] [Render thread/INFO]: Sending Runtime Unavailable...
[11:43:58] [Render thread/INFO]: Stopping JEI GUI
[11:43:58] [Render thread/INFO]: Sending Runtime Unavailable took 217.2 microseconds
[11:43:58] [Render thread/INFO]: Loaded 2042 vanilla recipes from the client recipe registry.
[11:43:58] [Render thread/INFO]: Starting JEI...
[11:43:58] [Render thread/INFO]: Configuring JEI...
[11:43:58] [Render thread/INFO]: Configuring JEI took 185.2 microseconds
[11:43:58] [Render thread/INFO]: Registering item subtypes...
[11:43:58] [Render thread/INFO]: Registering item subtypes took 88.10 microseconds
[11:43:58] [Render thread/INFO]: Registering fluid subtypes...
[11:43:58] [Render thread/INFO]: Registering fluid subtypes took 69.50 microseconds
[11:43:58] [Render thread/INFO]: Registering ingredients...
[11:43:58] [Render thread/INFO]: Registering ingredients: jei:minecraft took 20.34 milliseconds
[11:43:58] [Render thread/INFO]: Registering ingredients took 20.64 milliseconds
[11:43:58] [Render thread/INFO]: Registering extra ingredients...
[11:43:58] [Render thread/INFO]: Registering extra ingredients took 191.0 microseconds
[11:43:58] [Render thread/INFO]: Registering search ingredient aliases...
[11:43:58] [Render thread/INFO]: Registering search ingredient aliases took 80.80 microseconds
[11:43:58] [Render thread/INFO]: Registering slot display interpreters...
[11:43:58] [Render thread/INFO]: Registering slot display interpreters took 81.30 microseconds
[11:43:58] [Render thread/INFO]: Registering Mod Info...
[11:43:58] [Render thread/INFO]: Registering Mod Info took 80.20 microseconds
[11:43:58] [Render thread/INFO]: Registering advanced search...
[11:43:58] [Render thread/INFO]: Registering advanced search took 77.30 microseconds
[11:43:58] [Render thread/INFO]: Registering categories...
[11:43:58] [Render thread/INFO]: Registering categories took 884.6 microseconds
[11:43:58] [Render thread/INFO]: Registering vanilla category extensions...
[11:43:58] [Render thread/INFO]: Registering vanilla category extensions took 128.3 microseconds
[11:43:58] [Render thread/INFO]: Registering recipe catalysts...
[11:43:58] [Render thread/INFO]: Registering recipe catalysts took 169.0 microseconds
[11:43:58] [Render thread/INFO]: Building recipe registry...
[11:43:58] [Render thread/INFO]: Building recipe registry took 685.2 microseconds
[11:43:58] [Render thread/INFO]: Registering advanced plugins...
[11:43:58] [Render thread/INFO]: Added typed recipe manager plugin: class mezz.jei.library.plugins.vanilla.crafting.FireworkStarRecipeManagerPlugin
[11:43:58] [Render thread/INFO]: Registering advanced plugins took 1.552 milliseconds
[11:43:58] [Render thread/INFO]: Registering recipes...
[11:43:58] [Render thread/INFO]: Registering recipes: jei:minecraft took 145.5 milliseconds
[11:43:58] [Render thread/INFO]: Registering recipes: tacz:jei took 21.06 milliseconds
[11:43:58] [Render thread/INFO]: Registering recipes: jei:internal took 85.04 milliseconds
[11:43:58] [Render thread/INFO]: Registering recipes took 252.4 milliseconds
[11:43:58] [Render thread/INFO]: Registering recipes transfer handlers...
[11:43:58] [Render thread/INFO]: Registering recipes transfer handlers took 172.5 microseconds
[11:43:58] [Render thread/INFO]: Building runtime...
[11:43:58] [Render thread/INFO]: Registering gui handlers...
[11:43:58] [Render thread/INFO]: Registering gui handlers took 108.8 microseconds
[11:43:58] [Render thread/INFO]: Registering Runtime...
[11:43:58] [Render thread/INFO]: Starting JEI GUI
[11:43:58] [Render thread/INFO]: Building ingredient list...
[11:43:58] [Render thread/INFO]: Building ingredient list took 14.87 milliseconds
[11:43:58] [Render thread/INFO]: Building ingredient filter...
[11:43:58] [Render thread/INFO]: Adding 2309 ingredients
[11:43:58] [Render thread/INFO]: Added 2309 ingredients
[11:43:58] [Render thread/INFO]: Building ingredient filter took 9.023 milliseconds
[11:43:58] [Render thread/INFO]: Registering Runtime: jei:fabric_gui took 29.90 milliseconds
[11:43:58] [Render thread/INFO]: Registering Runtime took 30.14 milliseconds
[11:43:58] [Render thread/INFO]: Building runtime took 30.33 milliseconds
[11:43:58] [Render thread/INFO]: Sending Runtime...
[11:43:58] [Render thread/INFO]: Sending Runtime took 120.2 microseconds
[11:43:58] [Render thread/INFO]: Starting JEI took 310.6 milliseconds
[11:43:58] [Render thread/INFO]: [System] [CHAT] 该 fabric 服务器未向 JEI 提供配方。JEI 正在显示客户端的默认配方，服务器上的配方可能有所不同。
[11:43:58] [Render thread/WARN]: 该 fabric 服务器未向 JEI 提供配方。JEI 正在显示客户端的默认配方，服务器上的配方可能有所不同。
[11:43:58] [Render thread/INFO]: [TACZ Recipe Viewer] JEI/REI refresh completed.
[11:43:58] [Render thread/INFO]: Stopping worker threads
[11:43:58] [Render thread/INFO]: Started 24 worker threads
[11:43:58] [Render thread/WARN]: Requested post effect does not exist: minecraft:end_of_frame
[11:43:58] [Render thread/WARN]: Error while parsing the block ID map entry for "block.10104":
[11:43:58] [Render thread/WARN]: - The block minecraft:stone_slab has no property with the name variant, ignoring!
[11:43:58] [Render thread/INFO]: [TACZ Scope][diag] program=619 samplers=[noisetex:0x8b5e@u4  ] validate=OK log=''
[11:43:58] [Render thread/WARN]: [TACZ Scope][diag] pipeline name sample: minecraft:pipeline/sky
[11:43:58] [Render thread/INFO]: Starting [RenderThreadTaskHandler]...
[11:43:58] [Render thread/WARN]: Config [enableDhFog] was set by [net.irisshaders.iris.compat.dh.LodRendererEvents$2] via the deprecated API method that doesn't define the API caller. 
If you are a player this can be ignored. 
If you are a developer please make sure your mod passes in a display name so users can know what your mod controls.
[11:43:58] [Render thread/INFO]: Iris detected, Distant Horizons OpenGL error logging won't be sent in the chat due to Iris throwing known (harmless) OpenGL errors. This is a bug with Iris, not Distant Horizons.
[11:43:58] [Render thread/INFO]: Creating [GLProxy]... If this is the last message you see there must have been an OpenGL error.
[11:43:58] [Render thread/INFO]: Lod Render OpenGL version [3.3.0 NVIDIA 617.14].
[11:43:58] [Render thread/INFO]: minecraftGlCapabilities:
Your OpenGL support:
openGL version 3.3+: [true] <- REQUIRED
Vertex Attribute Buffer Binding: [false] <- optional improvement
Buffer Storage: [true] <- optional improvement

[11:43:58] [Render thread/INFO]: GPU Vendor [NVIDIA CORPORATION] with OS [Windows], Preferred upload method is [BUFFER_STORAGE].
[11:43:58] [Render thread/INFO]: GLProxy creation successful. OpenGL smiles upon you this day.
[11:43:58] [Render thread/INFO]: Setting up renderer
[11:43:58] [Render thread/INFO]: Renderer setup complete
[11:43:58] [Render thread/INFO]: Loading shader with type: [35633]
[11:43:58] [Render thread/INFO]: Source: 
[#version 330 core

in uvec4 vPosition;
in vec4 color;
// x: iris material id, y: face normal index, zw: block texture tile id (little endian)
in uvec4 irisData;

out vec4 vPos;
out vec4 vertexColor;
out vec3 vertexWorldPos;
out float vertexYPos;
// block-grid position used to generate texture UVs, fract() of this repeats per block
out vec3 vBlockPos;
flat out uint vNormalIndex;
flat out uint vTextureTileId;

uniform bool uIsWhiteWorld;

uniform mat4 uCombinedMatrix;
uniform vec3 uModelOffset;
uniform float uSgLodScale;
uniform float uWorldYOffset;

uniform sampler2D uLightMap;
uniform float uMircoOffset;

uniform float uEarthRadius;

uniform float uFrameMod8;
uniform float uViewWidth;
uniform float uViewHeight;


vec2 jitterOffsets[8] = vec2[8](
    vec2( 0.125, -0.375),
    vec2(-0.125,  0.375),
    vec2( 0.625,  0.125),
    vec2( 0.375, -0.625),
    vec2(-0.625,  0.625),
    vec2(-0.875, -0.125),
    vec2( 0.375, -0.875),
    vec2( 0.875,  0.875)
);

vec2 TAAJitter(vec2 coord, float w)
{
    vec2 offset = jitterOffsets[int(uFrameMod8)] * (w / vec2(uViewWidth, uViewHeight));
    return coord + offset;
}

/** 
 * Vertex Shader
 * 
 * author: James Seibel
 * author: TomTheFurry
 * author: stduhpf
 * updated: coolGi
 *
 * version: 2025-12-22
 */
void main()
{
    vPos = vPosition; // This is so it can be passed to the fragment shader
    
    vBlockPos = vec3(vPosition.xyz);
    vNormalIndex = irisData.y;
    vTextureTileId = irisData.z | (irisData.w << 8u);
    
    float sgLodScale = (uSgLodScale > 0.0) ? uSgLodScale : 1.0;
    vertexWorldPos = vec3(vPosition.xyz) * vec3(sgLodScale, 1.0, sgLodScale) + uModelOffset;
    
    vertexYPos = vPosition.y + uWorldYOffset;
    
    uint meta = vPosition.a;
    
    uint mirco = (meta & 0xFF00u) >> 8u; // mirco offset which is a xyz 2bit value
    // 0b00 = no offset
    // 0b01 = positive offset
    // 0b11 = negative offset
    // format is: 0b00zzyyxx
    float mx = (mirco & 1u)!=0u ? uMircoOffset : 0.0;
    mx = (mirco & 2u)!=0u ? -mx : mx;
    //float my = (mirco & 4u)!=0u ? uMircoOffset : 0.0;
    //my = (mirco & 8u)!=0u ? -my : my;
    float mz = (mirco & 16u)!=0u ? uMircoOffset : 0.0;
    mz = (mirco & 32u)!=0u ? -mz : mz;
    
    vertexWorldPos.x += mx;
    //vertexWorldPos.y += my;
    vertexWorldPos.z += mz;
    
    // apply the earth curvature if needed
    if (uEarthRadius < -1.0f || uEarthRadius > 1.0f)
    {
        // vertex transformation logic - stduhpf
        float localRadius = uEarthRadius + vertexYPos;
        float phi = length(vertexWorldPos.xz) / localRadius;
        vertexWorldPos.y += (cos(phi) - 1.0) * localRadius;
        vertexWorldPos.xz = vertexWorldPos.xz * sin(phi) / phi;
    }
    
    uint lights = meta & 0xFFu;
    float skyLight = (float(lights/16u)+0.5) / 16.0;
    float blockLight = (mod(float(lights), 16.0)+0.5) / 16.0;
    vertexColor = vec4(texture(uLightMap, vec2(skyLight, blockLight)).xyz, 1.0);
    
    if (!uIsWhiteWorld)
    {
        vertexColor *= color;
    }
    
    gl_Position = uCombinedMatrix * vec4(vertexWorldPos, 1.0);

    // -1 if TAA is diabled
    if (uFrameMod8 > 0)
    {
        // jittering the model around is necessary to smooth out TAA properly
        gl_Position.xy = TAAJitter(gl_Position.xy, gl_Position.w);
    }
}
]
[11:43:58] [Render thread/INFO]: Shader loaded sucessfully.
[11:43:58] [Render thread/INFO]: Loading shader with type: [35632]
[11:43:58] [Render thread/INFO]: Source: 
[#version 330

in vec4 vPos;
in vec4 vertexColor;
in vec3 vertexWorldPos;
in vec3 vBlockPos;
flat in uint vNormalIndex;
flat in uint vTextureTileId;
in vec4 gl_FragCoord;

out vec4 fragColor;

// Each tile stores the color ratio relative to the LOD's flat 
// color where 128 means using the base LOD color.
// Tiles are packed in a 2D grid, 256 tiles per row,
// see AbstractBlockTextureAtlas.TILES_PER_ROW
uniform sampler2D uBlockAtlas;

// Fade/Clip Uniforms
uniform float uClipDistance = 0.0;

// Noise Uniforms
uniform bool uNoiseEnabled;
uniform int uNoiseSteps;
uniform float uNoiseIntensity;
uniform int uNoiseDropoff;
uniform bool uDitherDhRendering;


// The random functions for diffrent dimentions
float rand(float co) { return fract(sin(co*(91.3458)) * 47453.5453); }
float rand(vec2 co) { return fract(sin(dot(co.xy ,vec2(12.9898,78.233))) * 43758.5453); }
float rand(vec3 co) { return rand(co.xy + rand(co.z)); }

// Puts steps in a float
// EG. setting stepSize to 4 then this would be the result of this function
// In:  0.0, 0.1, 0.2, 0.3,  0.4,  0.5, 0.6, ..., 1.1, 1.2, 1.3
// Out: 0.0, 0.0, 0.0, 0.25, 0.25, 0.5, 0.5, ..., 1.0, 1.0, 1.25
vec3 quantize(vec3 val, int stepSize)
{
    return floor(val * stepSize) / stepSize;
}

void applyNoise(inout vec4 fragColor, const in float viewDist)
{
    vec3 vertexNormal = normalize(cross(dFdy(vPos.xyz), dFdx(vPos.xyz)));
    // This bit of code is required to fix the vertex position problem cus of floats in the verted world position varuable
    vec3 fixedVPos = vPos.xyz + vertexNormal * 0.001;

    float noiseAmplification = uNoiseIntensity;
    float lum = (fragColor.r + fragColor.g + fragColor.b) / 3.0;
    noiseAmplification = (1.0 - pow(lum * 2.0 - 1.0, 2.0)) * noiseAmplification; // Lessen the effect on depending on how dark the object is, equasion for this is -(2x-1)^{2}+1
    noiseAmplification *= fragColor.a; // The effect would lessen on transparent objects

    // Random value for each position
    float randomValue = rand(quantize(fixedVPos, uNoiseSteps))
    * 2.0 * noiseAmplification - noiseAmplification;

    // Modifies the color
    // A value of 0 on the randomValue will result in the original color, while a value of 1 will result in a fully bright color
    vec3 newCol = fragColor.rgb + (1.0 - fragColor.rgb) * randomValue;
    newCol = clamp(newCol, 0.0, 1.0);

    if (uNoiseDropoff != 0) {
        float distF = min(viewDist / uNoiseDropoff, 1.0);
        newCol = mix(newCol, fragColor.rgb, distF); // The further away it gets, the less noise gets applied
    }

    fragColor.rgb = newCol;
}

/** returns a normalized value between 0.0 and 1.0 */
float bayerMatrix4x4(vec2 st)
{
    int x = int(mod(st.x, 4.0));
    int y = int(mod(st.y, 4.0));

    // Flattened 4x4 Bayer matrix
    float bayer4x4[16] = float[16](
        0.0,  8.0,  2.0, 10.0,
        12.0,  4.0, 14.0,  6.0,
        3.0, 11.0,  1.0,  9.0,
        15.0,  7.0, 13.0,  5.0
    );

    // Calculate the 1D index from the 2D coordinates
    int index = y * 4 + x;

    // Return the Bayer value normalized between 0.0 and 1.0
    return bayer4x4[index] / 16.0;
}



/**
 * Returns the texture coordinate for this fragment,
 * matching the orientation block textures are baked with.
 * The normal index is the same order as EDhDirection:
 * 0 down, 1 up, 2 north, 3 south, 4 west, 5 east
 */
vec2 blockFaceUv()
{
    vec3 pos = fract(vBlockPos);
    switch (vNormalIndex)
    {
        case 0u: return vec2(pos.x, 1.0 - pos.z); // down
        case 1u: return vec2(pos.x, pos.z); // up
        case 2u: return vec2(1.0 - pos.x, 1.0 - pos.y); // north
        case 3u: return vec2(pos.x, 1.0 - pos.y); // south
        case 4u: return vec2(pos.z, 1.0 - pos.y); // west
        default: return vec2(1.0 - pos.z, 1.0 - pos.y); // east
    }
}

void main()
{
    fragColor = vertexColor;
    
    if (vTextureTileId != 0u)
    {
        // tile id -> grid cell -> exact texel.
        // texture() allow us to use mipmaps
        ivec2 atlasSize = textureSize(uBlockAtlas, 0);
        vec2 tileOrigin = vec2(float(vTextureTileId % 256u), float(vTextureTileId / 256u)) * 16.0;
        vec2 uv = (tileOrigin + blockFaceUv() * 16.0) / vec2(atlasSize);
        vec4 tile = texture(uBlockAtlas, uv);
        
        // The tile's color ratio preserves the LOD's original tint and shading.
        // Tile color value of gray, 128 (half way between 0 and 255)
        // means the LOD will use it's base color.
        vec3 clampedColor = clamp(fragColor.rgb * (tile.rgb * 2.0), 0.0, 1.0);
        fragColor.rgb = mix(fragColor.rgb, clampedColor, tile.a);
    }
    
    float viewDist = length(vertexWorldPos);
    
    if (uDitherDhRendering)
    {
        // Dither out the fragment based on distance and noise.
        // Dithering is used since it works for both opaque and transparent rendering

        // noise increases as the distance increases
        // the fragCoord is used since it is stable and small so the dithering is cleaner
        float worldNoise = bayerMatrix4x4(gl_FragCoord.xy);
        // minor fudge factor to make sure all pixels fade out
        // if not included 1 in 16 pixels would never fade away
        worldNoise += 0.001;
        
        float fadeStep = smoothstep(uClipDistance, uClipDistance * 1.5, viewDist);
        if (fadeStep <= worldNoise)
        {
            discard;
        }
    }
    else
    {
        if (viewDist < uClipDistance && uClipDistance > 0.0)
        {
            discard;
        }
    }
    
    if (uNoiseEnabled
        // only apply noise to untextured blocks, 
        // textured blocks don't need the fake texturing
        && vTextureTileId == 0u)
    {
        applyNoise(fragColor, viewDist);
    }
}
]
[11:43:58] [Render thread/INFO]: Shader loaded sucessfully.
[11:43:58] [Render thread/INFO]: Vertex Attribute (GL43+) completed. It contains 1 binding points and a stride size of 16
[11:43:58] [Render thread/INFO]: Overriding vanilla MC settings to better fit Distant Horizons... This behavior can be disabled in the Distant Horizons config.
[11:43:58] [Render thread/INFO]: Disabling vanilla clouds... This is done to prevent vanilla clouds from rendering on top of Distant Horizons LODs.
[11:43:58] [Render thread/INFO]: Disabling vanilla chunk fade in... This is done to prevent vanilla chunks from flashing on the Distant Horizons boarder when moving (which is distracting).
[11:43:58] [Render thread/INFO]: Disabling improved transparency... This is done to fix vanilla chunks (specifically water blocks) not fading into Distant Horizons LODs when DH's 'Vanilla Fade' option is enabled.
[11:43:58] [Render thread/WARN]: Config [enableSsao] was set by [net.irisshaders.iris.compat.dh.LodRendererEvents$13] via the deprecated API method that doesn't define the API caller. 
If you are a player this can be ignored. 
If you are a developer please make sure your mod passes in a display name so users can know what your mod controls.
[11:43:58] [Render thread/ERROR]: Unexpected; somehow the Opaque + Translucent pass ran with shaders on.
[11:43:58] [Render thread/INFO]: Loading shader with type: [35633]
[11:43:58] [Render thread/INFO]: Source: 
[#version 330 core

layout (location = 1) in vec4 aColor;
layout (location = 2) in vec3 aScale;
layout (location = 3) in ivec3 aTranslateChunk;
layout (location = 4) in vec3 aTranslateSubChunk;
layout (location = 5) in int aMaterial;

uniform ivec3 uOffsetChunk;
uniform vec3 uOffsetSubChunk;
uniform ivec3 uCameraPosChunk;
uniform vec3 uCameraPosSubChunk;

uniform mat4 uProjectionMvm;
uniform int uSkyLight;
uniform int uBlockLight;
uniform sampler2D uLightMap;

uniform float uNorthShading;
uniform float uSouthShading;
uniform float uEastShading;
uniform float uWestShading;
uniform float uTopShading;
uniform float uBottomShading;


in vec3 vPosition;

out vec4 fColor;

void main()
{
    // aTranslate - moves the vertex to the boxGroup's relative position
    // uOffset - moves the vertex to the boxGroup's world position
    // uCameraPos - moves the vertex into camera space
    vec3 trans = (aTranslateChunk + uOffsetChunk - uCameraPosChunk) * 16.0f;
    // separate float and int values are to fix percission loss at extreme distances from the origin (IE 10,000,000+)
    // luckily large translate values minus large cameraPos generally equal values that cleanly fit in a float
    trans += (aTranslateSubChunk + uOffsetSubChunk - uCameraPosSubChunk);
    
    // combination translation and scaling matrix
    mat4 transform = mat4(
        aScale.x, 0.0,      0.0,      0.0,
        0.0,      aScale.y, 0.0,      0.0,
        0.0,      0.0,      aScale.z, 0.0,
        trans.x,  trans.y,  trans.z,  1.0
    );
    
    gl_Position = uProjectionMvm * transform * vec4(vPosition, 1.0);

    float blockLight = (float(uBlockLight)+0.5) / 16.0;
    float skyLight = (float(uSkyLight)+0.5) / 16.0;
    vec4 lightColor = vec4(texture(uLightMap, vec2(blockLight, skyLight)).xyz, 1.0);
    
    
    fColor = lightColor * aColor;
    
    // apply directional shading
    if (gl_VertexID >= 0 && gl_VertexID < 4) { fColor.rgb *= uNorthShading; }
    else if (gl_VertexID >= 4 && gl_VertexID < 8) { fColor.rgb *= uSouthShading; }
    else if (gl_VertexID >= 8 && gl_VertexID < 12) { fColor.rgb *= uWestShading; }
    else if (gl_VertexID >= 12 && gl_VertexID < 16) { fColor.rgb *= uEastShading; }
    else if (gl_VertexID >= 16 && gl_VertexID < 20) { fColor.rgb *= uBottomShading; }
    else if (gl_VertexID >= 20 && gl_VertexID < 24) { fColor.rgb *= uTopShading; }
    
}
]
[11:43:58] [Render thread/INFO]: Shader loaded sucessfully.
[11:43:58] [Render thread/INFO]: Loading shader with type: [35632]
[11:43:58] [Render thread/INFO]: Source: 
[#version 330 core

in vec4 fColor;

out vec4 fragColor;

void main()
{
    fragColor = fColor;
}
]
[11:43:58] [Render thread/INFO]: Shader loaded sucessfully.
[11:43:58] [Render thread/INFO]: Vertex Attribute (GL43+) completed. It contains 1 binding points and a stride size of 12
[11:43:58] [Render thread/INFO]: Loading shader with type: [35633]
[11:43:58] [Render thread/INFO]: Source: 
[#version 330 core

uniform mat4 uTransform;
uniform vec4 uColor;
uniform int uSkyLight;
uniform int uBlockLight;
uniform sampler2D uLightMap;

uniform float uNorthShading;
uniform float uSouthShading;
uniform float uEastShading;
uniform float uWestShading;
uniform float uTopShading;
uniform float uBottomShading;


in vec3 vPosition;

out vec4 fColor;

void main()
{
    gl_Position = uTransform * vec4(vPosition, 1.0);
    
    
    float blockLight = (float(uBlockLight)+0.5) / 16.0;
    float skyLight = (float(uSkyLight)+0.5) / 16.0;
    vec4 lightColor = vec4(texture(uLightMap, vec2(blockLight, skyLight)).xyz, 1.0);
    
    
    fColor = lightColor * uColor;
    
    // apply directional shading
    if (gl_VertexID >= 0 && gl_VertexID < 4) { fColor.rgb *= uNorthShading; }
    else if (gl_VertexID >= 4 && gl_VertexID < 8) { fColor.rgb *= uSouthShading; }
    else if (gl_VertexID >= 8 && gl_VertexID < 12) { fColor.rgb *= uWestShading; }
    else if (gl_VertexID >= 12 && gl_VertexID < 16) { fColor.rgb *= uEastShading; }
    else if (gl_VertexID >= 16 && gl_VertexID < 20) { fColor.rgb *= uBottomShading; }
    else if (gl_VertexID >= 20 && gl_VertexID < 24) { fColor.rgb *= uTopShading; }

}
]
[11:43:58] [Render thread/INFO]: Shader loaded sucessfully.
[11:43:58] [Render thread/INFO]: Loading shader with type: [35632]
[11:43:58] [Render thread/INFO]: Source: 
[#version 330 core

in vec4 fColor;

out vec4 fragColor;

void main()
{
    fragColor = fColor;
}
]
[11:43:58] [Render thread/INFO]: Shader loaded sucessfully.
[11:43:58] [Render thread/INFO]: Vertex Attribute (GL43+) completed. It contains 1 binding points and a stride size of 12
[11:43:58] [Render thread/INFO]: [TacZMeshLoader] attachment poly_mesh stats for tacz:geo_models/attachment/scope_mk5hd_geo.json: 0 bones, 0 vertices
[11:43:58] [Render thread/INFO]: [TacZMeshLoader] attachment poly_mesh stats for tacz:geo_models/attachment/lod/scope_mk5hd.json: 0 bones, 0 vertices
[11:43:58] [Render thread/INFO]: [TACZ Case08] ConstraintCompensateMode effective=0 (config=3, irisHandActive=true)
[11:43:58] [Render thread/WARN]: Found perfect program match for tacz:pipeline/scope_body_clipped: HAND_CUTOUT
[11:43:58] [Render thread/INFO]: [TACZ Scope] Assigned custom scope pipelines to Iris HAND program (latest: scope_body_clipped).
[11:43:58] [Render thread/WARN]: Found perfect program match for tacz:pipeline/scope_reticle_clipped: HAND_CUTOUT
[11:43:58] [Render thread/WARN]: Found perfect program match for tacz:pipeline/scope_reticle_emissive_clipped: HAND_CUTOUT
[11:43:58] [Render thread/WARN]: Found perfect program match for tacz:pipeline/scope_reticle_emissive: HAND_CUTOUT
[11:43:58] [Render thread/WARN]: Found perfect program match for tacz:pipeline/scope_flash_translucent_clipped: HAND_CUTOUT
[11:43:58] [Render thread/WARN]: Found perfect program match for tacz:pipeline/scope_flash_swirl_clipped: HAND_CUTOUT
[11:43:58] [Render thread/INFO]: [TacZMeshLoader] ammo poly_mesh stats for tacz:geo_models/ammo/50bmg.json: 0 bones, 0 vertices
[11:43:58] [Render thread/INFO]: [TacZMeshLoader] ammo poly_mesh stats for tacz:geo_models/shell/50bmg_shell.json: 0 bones, 0 vertices
[11:43:58] [Render thread/INFO]: [TacZMeshLoader] attachment poly_mesh stats for tacz:geo_models/attachment/muzzle_silencer_vulture_geo.json: 0 bones, 0 vertices
[11:43:58] [Render thread/INFO]: Resizing Dynamic Transforms UBO, capacity limit of 2 reached during a single frame. New capacity will be 4.
[11:43:58] [Render thread/INFO]: [TACZ Scope][diag] program=712 samplers=[tex:0x8b5e@u0  ] validate=OK log=''
[11:43:58] [Render thread/WARN]: [TACZ Scope][diag] pipeline name sample: minecraft:pipeline/entity_cutout
[11:43:58] [Render thread/WARN]: [TACZ Scope][diag] pipeline name sample: minecraft:pipeline/entity_translucent
[11:43:58] [Render thread/INFO]: [TACZ Scope] Scope PIP gate -> held gun has no scope attachment with zoom > 1 (iron sights and 1x optics keep the old FOV zoom)
[11:43:58] [Render thread/WARN]: [TACZ Scope] Mask enabled and a scope is equipped, but no ocular geometry was registered this frame. Either the scope is not being aimed, or ocular collection is broken for this scope model.
[11:43:58] [Render thread/INFO]: Resizing Dynamic Transforms UBO, capacity limit of 4 reached during a single frame. New capacity will be 8.
[11:43:59] [tacz-client-asset-preload-1/INFO]: [TacZMeshLoader] attachment poly_mesh stats for tacz:geo_models/attachment/scope_elcan_4x_geo.json: 0 bones, 0 vertices
[11:43:59] [tacz-client-asset-preload-1/INFO]: [TacZMeshLoader] attachment poly_mesh stats for tacz:geo_models/attachment/lod/scope_elcan_4x.json: 0 bones, 0 vertices
[11:43:59] [tacz-client-asset-preload-1/INFO]: [TacZMeshLoader] attachment poly_mesh stats for tacz:geo_models/attachment/scope_lpvo_1_6_geo.json: 0 bones, 0 vertices
[11:43:59] [tacz-client-asset-preload-1/INFO]: [TacZMeshLoader] attachment poly_mesh stats for tacz:geo_models/attachment/lod/scope_lpvo_1_6.json: 0 bones, 0 vertices
[11:43:59] [tacz-client-asset-preload-1/INFO]: [TacZMeshLoader] attachment poly_mesh stats for tacz:geo_models/attachment/scope_vudu_geo.json: 0 bones, 0 vertices
[11:43:59] [tacz-client-asset-preload-1/INFO]: [TacZMeshLoader] attachment poly_mesh stats for tacz:geo_models/attachment/lod/scope_vudu.json: 0 bones, 0 vertices
[11:43:59] [Render thread/WARN]: Time from main menu to in-game was 5.5571275 seconds
[11:43:59] [Render thread/WARN]: Total time to load game and open world was 4.5571275 seconds
[11:43:59] [Render thread/INFO]: Stopping worker threads
[11:43:59] [Render thread/INFO]: Started 24 worker threads
[11:43:59] [Render thread/INFO]: [TACZ Scope][diag] program=625 samplers=[tex:0x8b5e@u0  ] validate=OK log=''
[11:43:59] [Render thread/WARN]: [TACZ Scope][diag] pipeline name sample: minecraft:pipeline/celestial
[11:43:59] [Render thread/INFO]: Resizing Dynamic Transforms UBO, capacity limit of 8 reached during a single frame. New capacity will be 16.
[11:43:59] [Render thread/INFO]: [TACZ Scope] Scope PIP gate -> no ocular mask produced (sight/red-dot channel, or the mask pass is not running in this renderer setup)
[11:43:59] [Server thread/INFO]: Saving and pausing game...
[11:43:59] [Server thread/INFO]: Saving chunks for level 'ServerLevel[新的世界]'/minecraft:overworld
[11:43:59] [Render thread/INFO]: [TACZ Scope][diag] program=802 samplers=[noisetex:0x8b5e@u4  tex:0x8b5e@u0  u_SectionTimeInfo:0x8dd0@u3  ] validate=OK log=''
[11:43:59] [Render thread/WARN]: [TACZ Scope][diag] pipeline name sample: sodium:pipeline/solid_terrain
[11:43:59] [Render thread/INFO]: [TACZ Scope][diag] program=805 samplers=[noisetex:0x8b5e@u4  tex:0x8b5e@u0  u_SectionTimeInfo:0x8dd0@u3  ] validate=OK log=''
[11:43:59] [Render thread/WARN]: [TACZ Scope][diag] pipeline name sample: sodium:pipeline/cutout_terrain
[11:43:59] [Render thread/INFO]: [TACZ Scope][diag] program=676 samplers=[iris_overlay:0x8b5e@u1  tex:0x8b5e@u0  ] validate=OK log=''
[11:44:00] [Render thread/INFO]: [TACZ Scope][diag] program=808 samplers=[gaux4:0x8b5e@u4  noisetex:0x8b5e@u5  tex:0x8b5e@u0  ] validate=OK log=''
[11:44:00] [Render thread/WARN]: [TACZ Scope][diag] pipeline name sample: sodium:pipeline/translucent_terrain
[11:44:00] [Server thread/INFO]: Saving chunks for level 'ServerLevel[新的世界]'/minecraft:the_end
[11:44:00] [Server thread/INFO]: Saving chunks for level 'ServerLevel[新的世界]'/minecraft:the_nether
[11:44:01] [Render thread/INFO]: [System] [CHAT] §eDistant Horizons: High vanilla render distance detected.§r\nUsing a high vanilla render distance uses a lot of CPU power \nand doesn't improve graphics much after about 12.\nLowering your vanilla render distance will give you better FPS\nand reduce stuttering at a similar visual quality.\n§7A vanilla render distance of 8 is recommended.§r\nThis message can be disabled in DH's config under Advanced -> Logging.\n
[11:44:01] [Render thread/ERROR]: [Render thread] ran into an unexpected error running a GL call, Error: [Close the existing render pass before performing additional commands].
java.lang.RuntimeException: Uncaught Exception during GL call execution. StackTrace: [Missing] Error: [Close the existing render pass before performing additional commands]
	at knot//com.seibel.distanthorizons.core.render.RenderThreadTaskHandler$QueuedRunnable.run(RenderThreadTaskHandler.java:376)
	at knot//com.seibel.distanthorizons.core.render.RenderThreadTaskHandler.runRenderThreadTasks(RenderThreadTaskHandler.java:163)
	at knot//com.seibel.distanthorizons.core.render.RenderThreadTaskHandler.runRenderThreadTasks(RenderThreadTaskHandler.java:143)
	at knot//com.seibel.distanthorizons.core.api.internal.ClientApi.renderLodLayer(ClientApi.java:404)
	at knot//com.seibel.distanthorizons.core.api.internal.ClientApi.renderLods(ClientApi.java:342)
	at knot//net.caffeinemc.mods.sodium.client.util.SodiumChunkSection.handler$zmg000$distanthorizons$renderDeferredLayerHead(SodiumChunkSection.java:692)
	at knot//net.caffeinemc.mods.sodium.client.util.SodiumChunkSection.renderGroup(SodiumChunkSection.java)
	at knot//net.minecraft.client.renderer.LevelRenderer.mixinextras$bridge$renderGroup$146(LevelRenderer.java)
	at knot//net.minecraft.client.renderer.LevelRenderer.wrapOperation$cll000$fabric-rendering-v1$wrapRenderOpaqueTerrain(LevelRenderer.java:3890)
	at knot//net.minecraft.client.renderer.LevelRenderer.mixinextras$bridge$wrapOperation$cll000$fabric-rendering-v1$wrapRenderOpaqueTerrain$148(LevelRenderer.java)
	at knot//net.minecraft.client.renderer.LevelRenderer.wrapOperation$dea000$iris$beginTerrainLayer(LevelRenderer.java:5030)
	at knot//net.minecraft.client.renderer.LevelRenderer.executeSolid(LevelRenderer.java:516)
	at knot//net.minecraft.client.renderer.LevelRenderer.lambda$addMainPass$0(LevelRenderer.java:457)
	at knot//com.mojang.blaze3d.framegraph.FrameGraphBuilder.execute(FrameGraphBuilder.java:67)
	at knot//net.minecraft.client.renderer.LevelRenderer.render(LevelRenderer.java:287)
	at knot//net.minecraft.client.renderer.GameRenderer.mixinextras$bridge$render$103(GameRenderer.java)
	at knot//net.minecraft.client.renderer.GameRenderer.wrapOperation$deh000$iris$renderLevel(GameRenderer.java:3518)
	at knot//net.minecraft.client.renderer.GameRenderer.renderLevel(GameRenderer.java:693)
	at knot//net.minecraft.client.renderer.GameRenderer.render(GameRenderer.java:496)
	at knot//net.minecraft.client.Minecraft.renderFrame(Minecraft.java:1376)
	at knot//net.minecraft.client.Minecraft.runTick(Minecraft.java:1274)
	at knot//net.minecraft.client.Minecraft.run(Minecraft.java:967)
	at knot//net.minecraft.client.main.Main.main(Main.java:292)
	at net.fabricmc.loader.impl.game.minecraft.MinecraftGameProvider.launch(MinecraftGameProvider.java:517)
	at net.fabricmc.loader.impl.launch.knot.Knot.launch(Knot.java:72)
	at net.fabricmc.loader.impl.launch.knot.KnotClient.main(KnotClient.java:23)
Caused by: java.lang.IllegalStateException: Close the existing render pass before performing additional commands
	at knot//com.mojang.renderpearl.frontend.FrontendCommandEncoder.copyBufferToTexture(FrontendCommandEncoder.java:366)
	at knot//net.minecraft.client.gui.font.providers.BitmapProvider$Glyph$1.upload(BitmapProvider.java:258)
	at knot//net.minecraft.client.gui.font.FontTexture.add(FontTexture.java:48)
	at knot//net.minecraft.client.gui.font.GlyphStitcher.stitch(GlyphStitcher.java:39)
	at knot//net.minecraft.client.gui.font.FontSet$2.stitch(FontSet.java:51)
	at knot//net.minecraft.client.gui.font.providers.BitmapProvider$Glyph.bake(BitmapProvider.java:235)
	at knot//net.minecraft.client.gui.font.FontSet$DelayedBake.get(FontSet.java:205)
	at knot//net.minecraft.client.gui.font.FontSet$DelayedBake.get(FontSet.java:194)
	at knot//net.minecraft.client.gui.font.FontSet$Source.getGlyph(FontSet.java:230)
	at knot//net.minecraft.client.gui.Font.lambda$new$0(Font.java:45)
	at knot//net.minecraft.client.StringSplitter$LineBreakFinder.accept(StringSplitter.java:166)
	at knot//net.minecraft.util.StringDecomposer.feedChar(StringDecomposer.java:17)
	at knot//net.minecraft.util.StringDecomposer.iterateFormatted(StringDecomposer.java:120)
	at knot//net.minecraft.client.StringSplitter.splitLines(StringSplitter.java:394)
	at knot//net.minecraft.client.gui.components.ComponentRenderUtils.wrapComponents(ComponentRenderUtils.java:34)
	at knot//net.minecraft.client.multiplayer.chat.GuiMessage.splitLines(GuiMessage.java:35)
	at knot//net.minecraft.client.gui.components.ChatComponent.addMessageToDisplayQueue(ChatComponent.java:315)
	at knot//net.minecraft.client.gui.components.ChatComponent.addMessage(ChatComponent.java:297)
	at knot//net.minecraft.client.gui.components.ChatComponent.addServerSystemMessage(ChatComponent.java:284)
	at knot//net.minecraft.client.multiplayer.chat.ChatListener.handleSystemMessage(ChatListener.java:242)
	at knot//net.minecraft.client.player.LocalPlayer.sendSystemMessage(LocalPlayer.java:469)
	at knot//com.seibel.distanthorizons.common.wrappers.minecraft.MinecraftClientWrapper.lambda$sendChatMessage$0(MinecraftClientWrapper.java:417)
	at knot//com.seibel.distanthorizons.core.render.RenderThreadTaskHandler$QueuedRunnable.run(RenderThreadTaskHandler.java:367)
	... 25 more
[11:44:13] [Render thread/WARN]: Game took 79.96 seconds to start
[11:44:14] [Render thread/INFO]: [TACZ Scope] Ocular mask drawn: 288 indices from 7 batches.
[11:44:14] [Render thread/WARN]: [TACZ Scope][diag] pipeline name sample: minecraft:pipeline/gui
[11:44:14] [Render thread/WARN]: [TACZ Scope][diag] pipeline name sample: minecraft:pipeline/gui_text
[11:44:14] [Render thread/WARN]: [TACZ Scope][diag] pipeline name sample: minecraft:pipeline/gui_textured_premultiplied_alpha
[11:44:14] [Render thread/WARN]: [TACZ Scope][diag] pipeline name sample: minecraft:pipeline/gui_textured
[11:44:14] [Render thread/INFO]: [TACZ Scope] Scope PIP gate -> ACTIVE
[11:44:14] [Render thread/INFO]: [TACZ Scope][diag] program=694 samplers=[tex:0x8b5e@u0  ] validate=OK log=''
[11:44:14] [Render thread/WARN]: [TACZ Scope][diag] pipeline name sample: tacz:pipeline/scope_body_clipped
[11:44:14] [Render thread/WARN]: [TACZ Scope][diag] pipeline name sample: tacz:pipeline/scope_flash_translucent_clipped
[11:44:14] [Render thread/INFO]: [TACZ Scope] Scope PIP target allocated at 3440x1440 (RGBA8_UNORM, depth=false).
[11:44:14] [Render thread/INFO]: [TACZ Scope] Scope PIP active: reprojecting a 3440x1440 scene copy at 25.0x magnification.
[11:44:14] [Render thread/INFO]: [TACZ Scope] Note: ScopePipResolutionScale (0.75) has no effect in reprojection mode -- the lens is a resample of the already-rendered main frame, so there is no second render to downscale. It only applies with ScopePipRerender=true and no shader pack.
[11:44:14] [Render thread/WARN]: [TACZ Scope][diag] pipeline name sample: tacz:pipeline/scope_pip_composite
[11:44:14] [Render thread/WARN]: [TACZ Scope][diag] pipeline name sample: tacz:pipeline/scope_mask
[11:44:14] [Render thread/WARN]: [TACZ Scope][diag] pipeline name sample: minecraft:pipeline/animate_sprite_interpolate
[11:44:14] [Render thread/WARN]: [TACZ Scope][diag] pipeline name sample: minecraft:pipeline/animate_sprite_blit
[11:44:14] [Render thread/WARN]: Found okay program match for tacz:pipeline/scope_text_clipped: HAND_TEXT
[11:44:14] [Render thread/WARN]: [TACZ Scope][diag] pipeline name sample: tacz:pipeline/scope_reticle_emissive_clipped
[11:44:14] [Render thread/INFO]: [TACZ Scope][diag] program=715 samplers=[tex:0x8b5e@u0  ] validate=OK log=''
[11:44:14] [Render thread/WARN]: [TACZ Scope][diag] pipeline name sample: tacz:pipeline/scope_text_clipped
[11:44:14] [Render thread/INFO]: [System] [CHAT] §eJourneyMap:§f 按 [§b小键盘 0§f]
[11:44:14] [Render thread/WARN]: [TACZ Scope][diag] pipeline name sample: minecraft:jm/pipeline/pos_tex_color
[11:44:14] [Render thread/WARN]: [TACZ Scope][diag] pipeline name sample: minecraft:jm/pipeline/minimap_rectangle_mask
[11:44:22] [Server thread/INFO]: Saving and pausing game...
[11:44:23] [Server thread/INFO]: Saving chunks for level 'ServerLevel[新的世界]'/minecraft:overworld
[11:44:23] [Server thread/INFO]: Saving chunks for level 'ServerLevel[新的世界]'/minecraft:the_end
[11:44:23] [Server thread/INFO]: Saving chunks for level 'ServerLevel[新的世界]'/minecraft:the_nether
[11:44:54] [Server thread/INFO]: Saving and pausing game...
[11:44:54] [Server thread/INFO]: Saving chunks for level 'ServerLevel[新的世界]'/minecraft:overworld
[11:44:55] [Server thread/INFO]: Saving chunks for level 'ServerLevel[新的世界]'/minecraft:the_end
[11:44:55] [Server thread/INFO]: Saving chunks for level 'ServerLevel[新的世界]'/minecraft:the_nether
